name,district,comarea,price,EducationDescribe,RJL,LHL,lng,lat
阳光龙庭,天宁,青龙,20088,一类优质学区,2.2,30%,119.9890716,31.80372051
龙湖香醍漫步,天宁,青龙,20020,一类优质学区,2,35%,119.9967346,31.80762335
中海凤凰熙岸,天宁,茶山,15287,二类优质学区,3,30%,119.9865167,31.74937443
彩虹城,天宁,红梅,17122,一类优质学区,2.22,30%,119.9839116,31.80096428
景秀世家,天宁,红梅,15465,一类优质学区,2.17,30%,119.9871293,31.80223703
桃园公寓,天宁,天宁街道,26780,普通学区,1.2,30%,119.9650922,31.77183999
桃园新村,天宁,天宁街道,31028,普通学区,0.8,40%,119.9641818,31.77152186
景瑞望府,天宁,青龙,21642,一类优质学区,2.4,40%,119.990019,31.80144856
水晶城,天宁,青龙,15167,二类优质学区,2,30%,120.0015368,31.77192627
水岸花语,天宁,茶山,15783,二类优质学区,3,31.80%,119.9876491,31.75429819
新城香溢紫郡,天宁,青龙,16388,二类优质学区,2.5,35%,120.0085661,31.77219328
弘阳上城,天宁,兰陵,16177,普通学区,3.2,35%,119.9202741,31.75637899
永宁雅苑,天宁,红梅,18809,一类优质学区,2.5,45%,119.9873817,31.80150389
丽景花园,天宁,天宁街道,22085,一类优质学区,2,30%,119.961168,31.78718666
新天地花苑,天宁,天宁街道,23663,一类优质学区,2,25%,119.9571489,31.79061363
银河湾明苑,天宁,茶山,17781,二类优质学区,2.7,60%,119.9626282,31.76615048
怡康花园,天宁,天宁街道,22811,一类优质学区,2.1,30%,119.9602991,31.79219211
翠竹新村,天宁,红梅,11559,一类优质学区,0.9,30%,119.9760195,31.7966596
银河湾星苑,天宁,红梅,20341,普通学区,2.75,60%,119.9695895,31.79650483
青山湾,天宁,天宁街道,25506,一类优质学区,2.5,30%,119.9559369,31.79431026
通济新村,天宁,天宁街道,26419,一类优质学区,2.87,35%,119.954032,31.79488339
斜桥巷小区,天宁,天宁街道,29262,一类优质学区,1.3,25%,119.9597953,31.78063872
北环新村,天宁,红梅,11393,一类优质学区,2.2,30%,119.9748106,31.79024605
翠园世家,天宁,红梅,18067,一类优质学区,2.2,35%,119.9740565,31.79530906
采菱公寓,天宁,茶山,12085,普通学区,2,37%,119.9895736,31.7407517
嘉宏盛世普宅,天宁,兰陵,27478,普通学区,2.4,30%,119.9516071,31.77153727
凯旋城,天宁,红梅,15890,普通学区,2,30%,119.9874941,31.78839285
蔷薇家园,天宁,兰陵,13819,普通学区,2.3,30%,119.9755696,31.75226202
博爱公寓,天宁,天宁街道,22012,一类优质学区,1.8,32%,119.9604949,31.78705384
北环南村,天宁,红梅,11232,一类优质学区,1.4,40%,119.9798464,31.78982506
鹤苑新都,天宁,天宁街道,32020,一类优质学区,2,32%,119.9591128,31.78354615
和平国际,天宁,茶山,15791,普通学区,2.8,30%,119.9568003,31.7538397
弘阳广场,天宁,兰陵,15565,二类优质学区,3.2,41.70%,119.923352,31.75529135
金鼎公寓,天宁,天宁街道,39616,一类优质学区,2,20%,119.9540965,31.78170127
局前街三家村,天宁,天宁街道,30681,一类优质学区,1,30%,119.9613242,31.78269361
丽华二村,天宁,茶山,10281,普通学区,1.2,30%,119.9701621,31.75008883
清凉新村,天宁,茶山,10910,二类优质学区,2.14,20%,119.9560247,31.76123276
新城逸境,天宁,茶山,16030,普通学区,2.14,30%,119.9629688,31.75740706
县北新村,天宁,天宁街道,22694,一类优质学区,1,30%,119.9633238,31.78915891
元丰宜家,天宁,红梅,36811,普通学区,2.49,30%,119.9613738,31.77344521
朝阳花园,天宁,茶山,11153,普通学区,1.2,25%,120.005381,31.73681613
常发香堤半岛,天宁,茶山,13867,普通学区,1.8,31%,119.9751067,31.73866617
锦绣东苑,天宁,红梅,12641,普通学区,2.3,35%,119.9673532,31.79912893
龙湖郦城,天宁,青龙,20433,一类优质学区,2.2,35%,119.9922359,31.80834813
菱溪名居,天宁,茶山,12791,普通学区,0,0%,119.9881288,31.75346332
泰和之春,天宁,茶山,14602,二类优质学区,2.39,30%,119.9904408,31.74751448
天顺御河湾,天宁,青龙,15611,二类优质学区,2,30%,120.0083232,31.76640127
翠竹北区,天宁,红梅,11942,一类优质学区,1.8,35%,119.9760341,31.79728105
椿桂坊小区,天宁,天宁街道,32549,普通学区,0.8,25%,119.9602414,31.77415173
国泰新都,天宁,天宁街道,30101,普通学区,2.9,25%,119.9585205,31.77092678
光华世家,天宁,兰陵,16446,普通学区,2.17,30%,119.9668185,31.75994228
聚和家园,天宁,天宁街道,25373,一类优质学区,1.4,20%,119.9576326,31.78857865
景泰家园,天宁,兰陵,15216,普通学区,2.2,30%,119.9623189,31.75808865
锦绣花园,天宁,红梅,11342,普通学区,2.38,30%,119.9619716,31.80217525
九洲新世界花苑,天宁,兰陵,19824,普通学区,0,0%,119.9448443,31.76540665
丽华一村,天宁,茶山,10558,普通学区,1.6,25%,119.9702097,31.75225348
丽华三村,天宁,茶山,10318,普通学区,2.4,30%,119.9673437,31.74611685
龙洲伊都,天宁,青龙,23080,普通学区,2.5,30%,120.006388,31.79603046
麻巷公寓,天宁,天宁街道,31224,一类优质学区,0,16%,119.9600424,31.77453354
世纪华城,天宁,兰陵,13649,普通学区,2.8,30%,119.9188918,31.75765102
新丰街西楼,天宁,天宁街道,30516,一类优质学区,2.3,35%,119.964535,31.78623209
新天地商业广场住宅,天宁,天宁街道,26849,一类优质学区,0,0%,119.9563831,31.79165648
新乐花园,天宁,茶山,15349,普通学区,2.5,31%,119.9605523,31.7487859
永宁花园,天宁,红梅,14117,一类优质学区,1.68,21.50%,119.9720985,31.79600066
元丰苑,天宁,红梅,25758,普通学区,2.2,20%,119.9622231,31.77280735
元丰桥小区,天宁,天宁街道,32835,普通学区,1.3,25%,119.9620085,31.77466795
东城明居,天宁,兰陵,14157,普通学区,2.5,30%,119.9806325,31.76026448
朗诗??园,天宁,茶山,19182,普通学区,3.88,32%,119.9781214,31.76543134
润德半岛二期,天宁,红梅,13568,普通学区,1.3,30%,119.9660448,31.79934199
天宁吾悦广场,天宁,青龙,16500,普通学区,3,30%,120.0046353,31.76759075
新城尚东区花园,天宁,红梅,16888,普通学区,2.5,30%,119.9822765,31.78756872
永宁星座,天宁,天宁街道,16605,普通学区,6,25%,119.9667093,31.79301322
新城香溢俊园,天宁,天宁街道,17678,二类优质学区,3.4,40%,119.9806577,31.77258816
博爱花苑,天宁,天宁街道,25740,普通学区,2.1,45%,119.9593176,31.78595089
北环南苑,天宁,红梅,11927,普通学区,1.2,25%,119.9818704,31.78926272
北环小区,天宁,红梅,11622,普通学区,1.3,30%,119.9767196,31.79213424
北太平桥,天宁,天宁街道,24868,一类优质学区,1.6,25%,119.9614423,31.78855412
博爱路小区,天宁,天宁街道,30027,一类优质学区,1.3,25%,119.9593176,31.78595089
翠竹小区,天宁,红梅,11756,普通学区,0.9,30%,119.9760042,31.79667514
翠竹老小区,天宁,红梅,10140,普通学区,0.8,25%,119.9790057,31.79786455
翠竹新小区,天宁,红梅,16938,普通学区,0.9,25%,119.9752151,31.79839321
朝阳四村,天宁,茶山,10920,普通学区,0.85,0%,119.9716976,31.75841976
朝阳三村,天宁,茶山,10465,普通学区,0.8,25.50%,119.9711648,31.76391022
翠竹南区,天宁,红梅,11823,普通学区,2.2,35%,119.8135832,32.22835907
东方花园,天宁,兰陵,11878,普通学区,1.3,20%,119.9550962,31.75593852
东头村,天宁,兰陵,24428,一类优质学区,1.4,20%,119.9492068,31.77390021
电业宿舍,天宁,天宁街道,29706,一类优质学区,0.9,25%,119.9609199,31.78075465
大圩沟,天宁,红梅,23448,普通学区,0,0%,119.9591875,31.79448256
工人新村,天宁,兰陵,10460,普通学区,1.5,35%,119.9416535,31.76628832
故园里,天宁,红梅,11478,一类优质学区,0,20%,119.9754639,31.79440636
关河中路小区,天宁,红梅,20897,普通学区,0,20%,119.9592854,31.78793891
红梅东村,天宁,红梅,10871,普通学区,0.8,20%,119.9835002,31.78426106
华景园,天宁,兰陵,11555,普通学区,1.5,32%,119.9573684,31.75682417
红梅新村,天宁,红梅,10705,普通学区,1.3,25%,119.9813879,31.7808456
红梅西村,天宁,红梅,10960,普通学区,2.14,30%,119.9802432,31.7794676
华丽雅居,天宁,兰陵,14307,普通学区,2.1,30%,119.9717762,31.75053995
金谷庄园,天宁,天宁街道,22557,一类优质学区,1.5,30%,119.9564231,31.78968367
江南佳园,天宁,兰陵,14423,普通学区,2.5,50%,119.9393475,31.76111328
九洲新家园,天宁,兰陵,14405,普通学区,2.99,30%,119.9466115,31.75564193
建材新村,天宁,红梅,11320,普通学区,0.8,26%,119.9588481,31.80423484
锦绣南苑,天宁,红梅,10506,普通学区,1.8,30%,119.963152,31.800163
锦绣世家,天宁,红梅,16276,普通学区,1.5,30%,119.9615061,31.8011495
丽华三村续建小区,天宁,茶山,10840,普通学区,1.3,20%,119.9676498,31.74616182
兰陵尚品,天宁,兰陵,14673,普通学区,2,32.60%,119.9444551,31.75207444
丽华新村,天宁,茶山,10975,普通学区,0,25%,119.9669287,31.7529376
丽华南开小区,天宁,茶山,10177,普通学区,0.8,25%,119.9681097,31.7472835
龙洲伊都?Z尚公寓,天宁,青龙,23575,普通学区,2.5,30%,120.0047783,31.79665085
铭筑高第,天宁,天宁街道,33371,一类优质学区,4.4,50%,119.9620459,31.77763906
铭巷家园,天宁,兰陵,22214,普通学区,0,0%,119.9469987,31.77368482
勤俭村,天宁,天宁街道,29737,一类优质学区,0.8,25%,119.9560662,31.78666373
青果南苑,天宁,天宁街道,29982,普通学区,3,25%,119.9527462,31.77267407
人民家园,天宁,兰陵,14274,普通学区,1.9,35%,119.9563908,31.75922243
润德半岛花园,天宁,红梅,14366,普通学区,1.3,30%,119.9660448,31.79934199
瑞景华庭,天宁,茶山,17901,普通学区,0.8,25.50%,119.9746123,31.76167722
盛世名门,天宁,红梅,17862,一类优质学区,2,48%,119.9655271,31.79697493
升仙弄小区,天宁,天宁街道,34366,普通学区,0.8,25%,119.9584897,31.77295902
王家村,天宁,天宁街道,26666,一类优质学区,2.3,30%,119.9652368,31.76499773
新城金郡天宁,天宁,兰陵,23991,二类优质学区,2.2,30%,119.9621995,31.76503587
新元丰苑,天宁,红梅,26541,普通学区,0,20%,119.9622231,31.77280735
西园村,天宁,天宁街道,27307,一类优质学区,0.8,30%,119.9579163,31.78779105
西狮子巷小区,天宁,天宁街道,41186,一类优质学区,2.2,25%,119.9620459,31.77763906
怡康富贵楼,天宁,天宁街道,25126,一类优质学区,1.35,10%,119.9614107,31.78965143
怡康机电广场,天宁,红梅,26949,一类优质学区,0,20%,119.9609213,31.78937941
御翠天?o,天宁,红梅,27147,一类优质学区,2.8,30%,119.9725342,31.77423134
中山苑,天宁,天宁街道,24078,普通学区,1.8,30%,119.9576281,31.78459637
中吴雅苑,天宁,茶山,15282,普通学区,2.29,35%,119.9606768,31.75122756
竹林新村,天宁,红梅,10978,普通学区,2.2,25%,119.9832237,31.78663379
中山门公寓,天宁,天宁街道,19035,一类优质学区,2.87,30%,119.9612164,31.78387079
百脑汇电脑城,天宁,兰陵,20368,普通学区,0,0%,119.9499252,31.76747967
八角井,天宁,天宁街道,13867,普通学区,1.82,30%,119.9523771,31.790524
创业大厦,天宁,兰陵,20360,普通学区,1,20%,119.9437604,31.7665762
朝阳新村,天宁,茶山,10582,普通学区,,,119.9764786,31.7656729
茶山公寓,天宁,茶山,9181,普通学区,1.3,25%,119.4672689,32.21772937
椿桂坊公寓,天宁,天宁街道,30369,普通学区,1.2,30%,119.9602414,31.77415173
春源大厦,天宁,天宁街道,25278,一类优质学区,0,0%,119.9578208,31.78222174
翠苑公寓,天宁,红梅,11125,一类优质学区,1.48,40%,119.9837053,31.79405373
城中苑,天宁,兰陵,24293,一类优质学区,0.8,30%,119.9506208,31.77348753
朝阳二村,天宁,红梅,10310,普通学区,0.8,30%,119.9752016,31.76337716
翠园公寓,天宁,红梅,21671,普通学区,1.26,40%,119.9797151,31.79876417
常欣公寓,天宁,兰陵,15571,普通学区,1,25%,119.9326635,31.75117396
春锦园,天宁,天宁街道,22171,一类优质学区,0.8,20%,119.9576912,31.78154147
常青中心村,天宁,红梅,14041,普通学区,2.2,30%,119.9895739,31.77881148
朝阳一村,天宁,茶山,10425,普通学区,0,20%,119.9747588,31.76555871
茶山巷,天宁,兰陵,28788,普通学区,2.6,45%,119.9513424,31.75658046
朝阳三村续建小区,天宁,茶山,10242,普通学区,0.8,30%,119.9701934,31.76383127
朝阳雅居,天宁,茶山,13894,普通学区,0.89,35%,119.9720206,31.76219079
常发豪郡住宅,天宁,青龙,14572,普通学区,0,50%,120.0062745,31.77410858
茶山村公寓,天宁,兰陵,16394,普通学区,0.6,38%,119.9484602,31.75537286
东坡雅居,天宁,天宁街道,18359,二类优质学区,2.59,25%,119.9755161,31.76930428
东方明珠花园,天宁,红梅,16446,普通学区,2.8,30%,119.973745,31.7845891
东方明珠花园公寓,天宁,红梅,20769,普通学区,2.8,30%,119.973745,31.78459673
斗巷公寓,天宁,红梅,18107,一类优质学区,1.6,37%,119.9524039,31.79441418
东苑公寓,天宁,红梅,31751,普通学区,0,20%,119.9692207,31.77999403
大园地,天宁,天宁街道,28604,一类优质学区,0.9,25%,119.9554388,31.78689495
多宝大厦,天宁,天宁街道,26309,一类优质学区,0,20%,119.9577913,31.78027298
荡南小区,天宁,兰陵,11124,普通学区,2.6,52%,119.9351272,31.75468969
东印宿舍,天宁,天宁街道,9693,二类优质学区,0,20%,119.9877763,31.76472167
东仓桥小区,天宁,茶山,10778,普通学区,2.7,32%,119.9702927,31.76326257
大火弄小区,天宁,天宁街道,25579,一类优质学区,0.8,25%,119.9543604,31.78710562
东方尚院,天宁,红梅,14094,普通学区,2.2,30%,119.9858932,31.77354655
德胜花园,天宁,郑陆,10860,普通学区,2.3,28.80%,120.0752965,31.82397358
都家苑,天宁,红梅,11275,普通学区,1.35,30%,119.9898525,31.78442632
鼎泰花园,天宁,红梅,14137,普通学区,2.5,30%,119.9558827,31.80912967
墩下塘公寓,天宁,红梅,14059,普通学区,0.6,40%,119.9857748,31.78289448
富强赵家村,天宁,兰陵,22800,普通学区,0.8,30%,119.9554457,31.75278374
福缘雅居,天宁,茶山,15414,普通学区,1.9,0%,119.9697113,31.80407351
丰臣南郡,天宁,兰陵,14580,普通学区,2.5,30%,119.9406581,31.75821232
府河名居,天宁,茶山,18074,普通学区,3.38,32%,119.9635848,31.7674808
富强新村,天宁,兰陵,10715,普通学区,0.8,30%,119.9641195,31.75101732
富强周家村,天宁,茶山,10204,二类优质学区,1.3,30%,119.9617943,31.75184907
复兴村,天宁,兰陵,21699,普通学区,2.4,35%,119.9299936,31.75504487
翡翠珑湾,天宁,茶山,16093,普通学区,2.12,30%,119.9744744,31.76107321
富邦广场华强电子世界,天宁,兰陵,13218,普通学区,2.5,30%,119.9390237,31.75535885
丰尚壹号,天宁,茶山,8978,普通学区,0.6,35%,119.9931674,31.79161523
光华公寓,天宁,兰陵,10409,普通学区,2,20%,119.9433465,31.76171345
光华苑,天宁,兰陵,11834,普通学区,1.73,20%,119.9487917,31.76019717
故园宿舍小区,天宁,红梅,14921,普通学区,0.8,30%,119.973408,31.79404606
国泰名筑和平苑,天宁,天宁街道,19651,一类优质学区,1.62,25%,119.9575866,31.7755408
高宏小区,天宁,兰陵,10355,普通学区,0,20%,119.9395861,31.76770908
关帝庙弄,天宁,天宁街道,29184,一类优质学区,1.35,25.50%,119.9513633,31.78706211
赶超新村,天宁,茶山,11670,普通学区,1.83,23.80%,119.4796987,31.43178446
红梅假日花苑二期,天宁,红梅,15775,普通学区,1.9,30%,119.9780402,31.78461493
华润国际社区,天宁,茶山,18095,二类优质学区,,,119.9543785,31.74775472
红梅公寓,天宁,红梅,12953,普通学区,1.6,35%,119.9771752,31.7867609
红菱南村,天宁,红梅,13238,一类优质学区,0.8,28%,119.9652116,31.79866951
虹景花园,天宁,天宁街道,11007,普通学区,2,25%,119.9916341,31.78588539
惠峰派克公馆,天宁,红梅,15701,普通学区,3,30%,119.9880483,31.7910153
虹景金桂园,天宁,红梅,10530,普通学区,1.6,25%,119.9916588,31.78341526
海伦小屋,天宁,兰陵,10504,普通学区,2.14,25%,119.945181,31.76904856
红梅假日广场,天宁,红梅,15218,普通学区,2.5,35%,119.9792846,31.78568242
鹤园弄小区,天宁,茶山,27866,普通学区,0,16%,119.9597169,31.78390763
鸿泰公寓,天宁,天宁街道,16432,二类优质学区,0.9,43%,119.9771057,31.76936044
和平美景,天宁,茶山,19145,普通学区,,,119.9604061,31.75793415
华康家园,天宁,天宁街道,0,普通学区,1.46,0%,119.9700048,31.74515016
绿地世纪城,钟楼,新闸,13137,普通学区,2.3,30%,119.9183696,31.82159212
桂花园,钟楼,永红,16785,二类优质学区,2.22,30%,119.9062266,31.76634714
京城豪苑,钟楼,南大街,40512,一类优质学区,5.14,35%,119.9521997,31.78265569
方圆云山诗意,钟楼,五星,15025,普通学区,2.5,44.50%,119.9037205,31.77333806
路劲城市主场,钟楼,西林,14551,普通学区,2.5,70.40%,119.8860223,31.77079723
陈渡新苑,钟楼,永红,14353,二类优质学区,1.75,35%,119.9096665,31.76523469
花园西郡,钟楼,五星,15473,普通学区,2.2,30%,119.9049201,31.7754415
花园新村,钟楼,五星,10312,普通学区,0.8,30%,119.914807,31.77889655
圣巴塞耶,钟楼,五星,13369,普通学区,2.5,35%,119.8971692,31.7787383
香江华廷,钟楼,永红,17949,普通学区,1.7,35%,119.9270526,31.77890336
新城香悦半岛,钟楼,北港,17677,普通学区,2,70%,119.9044803,31.79570463
北直街小区,钟楼,南大街,30209,一类优质学区,2.14,31%,119.954312,31.79009132
路劲城市印象,钟楼,永红,16722,普通学区,2.5,30.10%,119.8925931,31.77079948
上书房,钟楼,永红,18022,二类优质学区,2.18,30%,119.9188276,31.77043058
保利公园九里,钟楼,北港,15896,普通学区,2.2,30%,119.9010672,31.80491436
枫林雅都,钟楼,北港,13641,普通学区,2.5,40%,119.8973416,31.80664456
景瑞曦城,钟楼,北港,15573,普通学区,2.38,35%,119.889009,31.80203015
凯尔枫尚花园,钟楼,北港,15101,普通学区,2.5,35.50%,119.8906277,31.80456909
高成莱茵三期,钟楼,五星,17350,二类优质学区,2,35%,119.9226378,31.79385341
龙湖龙誉城,钟楼,五星,19825,普通学区,2.85,35%,119.9108288,31.79618078
万水美兰城,钟楼,北港,14924,普通学区,2.3,35%,119.8852441,31.79647976
御源林城,钟楼,北港,13365,普通学区,1.73,47%,119.8878938,31.79812009
中意宝第,钟楼,荷花池,17783,普通学区,2.8,40%,119.930698,31.77975046
都市桃源,钟楼,五星,13668,普通学区,1.27,40%,119.9185932,31.7866105
东方国际公寓,钟楼,南大街,30901,一类优质学区,2.8,25%,119.9519508,31.77399619
怀德苑,钟楼,荷花池,15058,普通学区,1.56,20%,119.9355968,31.77842324
梧桐香郡,钟楼,北港,14701,普通学区,2.2,41.90%,119.8863064,31.79350397
景瑞英郡花苑,钟楼,北港,15202,普通学区,2.5,30%,119.8895371,31.80647497
蓝天花园,钟楼,五星,12146,普通学区,1.6,30%,119.914349,31.78308939
蓝天新苑,钟楼,五星,16155,二类优质学区,0.35,30%,119.9157553,31.7987472
青枫公馆,钟楼,北港,15119,,2.11,35%,119.902926,31.80014817
青枫壹号,钟楼,北港,19232,普通学区,1.18,35%,119.887347,31.80357013
城置御水华庭,钟楼,五星,17055,二类优质学区,,,119.9182796,31.79690153
金色领寓,钟楼,北港,15147,普通学区,2.5,30%,119.8999901,31.80321647
嘉宏云顶,钟楼,五星,15445,普通学区,3,30%,119.9075255,31.77340849
清潭新村,钟楼,永红,11123,普通学区,2.14,30%,119.9285306,31.77040803
西新桥三村,钟楼,荷花池,10440,一类优质学区,0.9,26%,119.9417119,31.79913894
西新桥二村,钟楼,荷花池,10416,一类优质学区,0.8,30%,119.9444608,31.79847578
新城首府,钟楼,荷花池,22378,一类优质学区,2.4,70%,119.9467241,31.79593928
白云新村,钟楼,五星,10600,普通学区,2.2,25%,119.9071241,31.78673035
公园大厦,钟楼,南大街,26341,一类优质学区,3.8,11.40%,119.9490539,31.77446329
河景花园,钟楼,荷花池,18083,普通学区,2.5,30%,119.9408434,31.77895162
花之园,钟楼,五星,10993,普通学区,1.92,30%,119.9191127,31.78259293
花园华丰苑,钟楼,五星,12123,普通学区,1.9,30%,119.9068999,31.78138752
金色新城,钟楼,荷花池,16460,普通学区,1.83,35%,119.9438442,31.7887709
金谷花园,钟楼,五星,10779,普通学区,1.4,20%,119.9170252,31.77870331
机械新村,钟楼,荷花池,10698,普通学区,2.14,16%,119.9334032,31.79669523
金玉苑,钟楼,北港,11661,普通学区,1.6,30%,119.8844897,31.80329265
高成莱茵花苑,钟楼,五星,16232,普通学区,0.77,50%,119.9222921,31.78964238
蓝天花园二期,钟楼,五星,12384,普通学区,1.6,30%,119.9165127,31.78488721
名骏家园,钟楼,南大街,25701,普通学区,4.8,20%,119.9461946,31.78008131
清潭花苑,钟楼,永红,10981,二类优质学区,1.2,30%,119.9233648,31.76571044
清潭六村,钟楼,永红,11306,普通学区,1.6,35%,119.9249926,31.77363079
青建鼎都,钟楼,永红,16585,普通学区,2.5,40%,119.9222914,31.76186084
荣亨逸都,钟楼,永红,14968,二类优质学区,2,40%,119.9194273,31.76577219
双子星座公寓,钟楼,南大街,27013,一类优质学区,3.7,20%,119.9492967,31.77973202
申达林与城,钟楼,北港,15520,普通学区,1.19,68%,119.888854,31.79752535
吴家场公寓,钟楼,南大街,21126,一类优质学区,1.2,10%,119.9480759,31.77415486
星盛家园,钟楼,北港,13351,普通学区,2.03,30%,119.9076426,31.78390938
玉隆花园,钟楼,南大街,29853,一类优质学区,1.8,30%,119.9497526,31.78423039
银河湾花园二期,钟楼,荷花池,15402,普通学区,1.7,20%,119.9276076,31.77992733
云庭公寓,钟楼,南大街,25566,普通学区,1.5,25%,119.950276,31.77689408
白云东苑,钟楼,五星,10748,普通学区,1.2,25%,119.9090316,31.78494744
百大康桥,钟楼,五星,17901,普通学区,2.5,30%,119.9208927,31.77955764
德馨花园,钟楼,南大街,16330,普通学区,1.7,21%,119.9423163,31.77891684
枫逸人家,钟楼,北港,12606,普通学区,1.8,45%,119.8850039,31.80707179
格兰艺堡,钟楼,五星,15728,二类优质学区,2.2,36.50%,119.9155074,31.77364844
河阳花苑,钟楼,五星,14366,二类优质学区,2.6,40%,119.9231891,31.77824946
荷花池公寓,钟楼,荷花池,24953,一类优质学区,1.8,20%,119.9473677,31.78549843
会馆浜新村,钟楼,永红,11992,普通学区,0.8,0%,119.9385176,31.77656452
花园西村,钟楼,永红,10864,普通学区,1.2,25%,119.9075616,31.77947126
花园南村,钟楼,永红,10833,普通学区,2.1,30%,119.9138058,31.77449315
华威创智园公寓,钟楼,邹区,8006,普通学区,0,0%,-0.006504558,-0.006004174
嘉城尚座,钟楼,永红,16875,二类优质学区,3.5,35%,119.9225291,31.77072112
荆川里小区,钟楼,永红,11154,二类优质学区,2.1,30%,119.9242988,31.76200283
机械二村,钟楼,荷花池,10598,一类优质学区,0,0%,119.9378213,31.79913483
荆川里续建小区,钟楼,永红,12680,二类优质学区,2.14,25%,119.9215538,31.76138335
锦阳西苑,钟楼,永红,13140,二类优质学区,0,0%,119.9160596,31.76062702
锦阳花苑,钟楼,永红,12511,二类优质学区,1.85,23%,119.9175944,31.76111889
凯纳商务广场,钟楼,荷花池,10667,一类优质学区,8.7,27%,119.9469086,31.79480406
凯纳华侨城,钟楼,荷花池,23613,一类优质学区,4.2,40%,119.9473914,31.79332157
凯悦中心,钟楼,荷花池,22148,普通学区,4,30%,119.9387841,31.77784307
芦墅广景苑二期,钟楼,荷花池,12982,普通学区,1.62,20%,119.932242,31.79987737
龙船浜新村,钟楼,永红,11719,普通学区,1.3,30%,119.9389285,31.79027437
平岗星苑,钟楼,五星,15774,普通学区,2.47,30%,119.9134704,31.78985943
勤德家园,钟楼,五星,14274,二类优质学区,1.8,20%,119.9305362,31.78314897
清潭南苑,钟楼,永红,12942,普通学区,1.8,30.10%,119.925979,31.76066027
清潭清园,钟楼,永红,11108,二类优质学区,2,30%,119.9188728,31.76668635
勤业新村,钟楼,五星,11325,二类优质学区,1.3,20%,119.9291413,31.78569567
勤业五村,钟楼,五星,11973,普通学区,1.2,24%,119.9233207,31.78691414
勤业六村,钟楼,五星,11511,普通学区,1.6,23%,119.9197244,31.78797192
青枫国际,钟楼,北港,13430,普通学区,2.4,32.20%,119.8911203,31.80657279
三堡街南楼,钟楼,五星,11088,二类优质学区,0,24%,119.9277813,31.79195212
深业华府,钟楼,荷花池,17380,普通学区,2.89,30%,119.9517714,31.79970949
天禧星园,钟楼,南大街,22271,一类优质学区,1.65,17%,119.9478537,31.77640692
天皇堂弄公寓,钟楼,南大街,19861,一类优质学区,1.5,25.50%,119.9525783,31.78772838
吾悦国际广场,钟楼,荷花池,22923,普通学区,7,8%,119.944299,31.78293364
梧桐苑,钟楼,北港,7361,普通学区,1.8,26%,119.8849295,31.79097635
星鑫家园,钟楼,北港,11636,普通学区,2,47.50%,119.9168719,31.80579381
香江庭苑,钟楼,五星,16707,普通学区,1.6,30%,119.9174811,31.77873277
星宇丽晶,钟楼,五星,14302,普通学区,14.4,30%,119.9104328,31.77794363
西上园,钟楼,荷花池,18995,一类优质学区,0.8,25.50%,116.6724577,39.90173315
西新桥一村,钟楼,荷花池,9004,一类优质学区,0.8,30%,119.9500267,31.79426777
杨柳巷小区,钟楼,南大街,20013,普通学区,1,25%,119.9480968,31.78012884
银苑小区,钟楼,荷花池,16507,一类优质学区,1.2,30%,119.9489211,31.79171536
安阳花苑,钟楼,荷花池,12609,普通学区,1.75,18%,119.9417479,31.78522176
奥新华廷,钟楼,五星,12649,普通学区,2.8,30%,119.9146182,31.77591975
北新巷小区,钟楼,荷花池,10641,一类优质学区,1,25%,119.9432133,31.79401626
宝龙城市广场,钟楼,北港,15021,普通学区,,,119.8897851,31.79538034
碧霞弄,钟楼,永红,13995,普通学区,0,0%,119.9431175,31.7796019
铂领公寓,钟楼,五星,12038,普通学区,3.5,15%,119.9254103,31.7761751
常宁公寓,钟楼,南大街,11486,普通学区,1.6,20%,119.9419808,31.77816819
长江大厦,钟楼,永红,25577,普通学区,1.62,23%,119.9546394,31.75924775
陈渡苑,钟楼,永红,10277,二类优质学区,2.14,30%,119.9127733,31.77091453
常柴大厦,钟楼,荷花池,20444,普通学区,1.2,10%,119.9467096,31.78697371
常柴公寓,钟楼,荷花池,19961,普通学区,1.5,30%,119.9466713,31.78698755
春天花园,钟楼,荷花池,10530,普通学区,,,119.9429489,31.79868367
常飞公寓,钟楼,永红,9878,普通学区,0,30%,119.9024503,31.78992051
常州万泰国际广场,钟楼,荷花池,7627,一类优质学区,4.7,30%,119.8934132,31.77779747
陈渡镇东,钟楼,永红,10844,普通学区,1.3,30%,119.9124847,31.76985854
大园公寓,钟楼,永红,12890,普通学区,0.8,30%,119.9149679,31.76653776
都市桃源壹公馆,钟楼,五星,16390,普通学区,2,30%,119.931478,31.78657322
鼎业赢通商务大厦,钟楼,南大街,10645,普通学区,0.8,10%,119.9552418,31.78441154
东方国际,钟楼,南大街,32843,普通学区,2.8,25%,119.9519508,31.77399619
电子新家园,钟楼,永红,14838,普通学区,0.8,30%,119.9395251,31.77370333
电子新村,钟楼,永红,10934,普通学区,0.8,30%,119.9387088,31.77422298
东岱家园,钟楼,五星,7257,普通学区,0,25%,119.8721939,31.77504344
荡下村,钟楼,五星,11078,普通学区,1.2,25.50%,119.928917,31.76258047
东下塘,钟楼,五星,15126,普通学区,0,21%,119.9478537,31.77658241
东横街小区,钟楼,南大街,20351,一类优质学区,1.38,23%,119.9530766,31.78603947
东巢村,钟楼,永红,10331,普通学区,1.83,30%,119.9265519,31.76761842
戴庄新村,钟楼,邹区,12201,普通学区,1.33,28.50%,119.8499458,31.80892503
大观路小区,钟楼,南大街,20456,一类优质学区,2,30%,119.9495279,31.78822763
大园村,钟楼,永红,12883,普通学区,2.35,25%,119.9152186,31.76672292
大庙弄,钟楼,南大街,15691,一类优质学区,1.5,30%,119.9492722,31.78253243
戴庄村,钟楼,邹区,12200,普通学区,0.8,30%,119.8499457,31.80898415
大严家村小区,钟楼,五星,10331,普通学区,0.8,25%,119.9318112,31.78886071
丰臣海悦广场,钟楼,荷花池,13811,普通学区,1.55,10%,119.9440585,31.77291429
枫丹花园,钟楼,五星,12484,二类优质学区,0.9,30%,119.9300113,31.79207711
翡翠湾花园,钟楼,五星,17203,普通学区,2.2,30%,119.9249354,31.78333937
枫丹花园二期,钟楼,五星,14831,二类优质学区,1.9,30%,119.9309551,31.79243103
方正大厦,钟楼,永红,12550,普通学区,2,20%,119.929702,31.77606747
枫林湾,钟楼,北港,8311,普通学区,2.1,35%,119.8848195,31.80850806
方家村,钟楼,永红,12782,普通学区,2.2,30%,119.4827114,31.41057089
广景山庄,钟楼,永红,12721,普通学区,1.5,25%,119.9238059,31.77540755
格林大厦,钟楼,五星,12470,普通学区,1.6,30%,119.9394286,31.78486249
港龙华庭,钟楼,北港,13529,普通学区,2.15,30%,119.8947955,31.80584287
港龙尚层广场,钟楼,北港,9489,普通学区,4.5,25%,119.9485808,31.79582449
广成小区,钟楼,永红,10487,普通学区,2.14,30%,119.9329844,31.76659785
广化里小区,钟楼,永红,24369,普通学区,0,32%,119.9422568,31.77366787
公安南苑,钟楼,南大街,22647,普通学区,1.7,25.50%,119.9275757,31.63399159
格林公寓,钟楼,荷花池,15742,普通学区,2.2,35%,119.9398032,31.78371007
广成院街,钟楼,永红,10438,普通学区,2.1,20%,119.935644,31.76859331
公交宿舍,钟楼,西林,10051,普通学区,0,0%,119.9112228,31.77726124
广成路小区,钟楼,永红,10612,普通学区,0,0%,119.9338073,31.76730771
红星新村,钟楼,荷花池,11511,普通学区,1.5,20%,119.9411728,31.78868614
怀南苑,钟楼,永红,14218,普通学区,1.85,20%,119.9320243,31.77629905
好享家,钟楼,北港,6914,普通学区,1.31,35%,119.9833198,31.70861686
华府家园,钟楼,五星,13441,普通学区,1.7,15%,119.9206536,31.7853132
会馆浜公寓,钟楼,永红,11884,普通学区,1.2,25%,119.9353006,31.77523254
荷花池三期,钟楼,荷花池,26530,一类优质学区,1.8,20%,119.9473677,31.78549843
花园徐家村,钟楼,五星,9130,二类优质学区,0.8,35%,119.969703,31.81211804
华电新村,钟楼,五星,9648,普通学区,0,21%,119.9113402,31.79372748
航仪宿舍,钟楼,五星,10158,二类优质学区,0.9,23%,119.9307969,31.7906378
华林家园,钟楼,西林,7199,普通学区,0.9,26%,119.8824543,31.76863259
汇金置业广场,钟楼,荷花池,18234,一类优质学区,0,10%,119.9525654,31.79344449
化肥厂宿舍,钟楼,五星,9919,普通学区,0,11%,119.8912006,31.81836658
黄泥坝村,钟楼,五星,10331,一类优质学区,0.8,25.50%,119.9318755,31.78456368
航运新村,钟楼,五星,11068,普通学区,1.62,30%,119.9291414,31.78566897
怀景壹号,钟楼,永红,17827,普通学区,2.3,30%,119.9394232,31.78139304
河枫御景,钟楼,北港,15325,普通学区,,,119.8995391,31.80564765
花园陈家村,钟楼,五星,9584,普通学区,0,0%,119.9074106,31.77721385
怀德南路小区,钟楼,荷花池,12867,普通学区,2.5,30%,119.9132731,31.77801522
花园周家村,钟楼,五星,7437,二类优质学区,1,35%,119.8825166,31.79436591
霍家村小区,钟楼,永红,9054,普通学区,1.2,25%,119.9002713,31.77460997
红熙台,钟楼,西林,15405,普通学区,,,119.8817072,31.78692386
锦江丽都花园,钟楼,荷花池,13865,一类优质学区,1.85,23%,119.9427788,31.80061719
荆川桃园,钟楼,永红,11846,普通学区,0.95,0%,119.9171559,31.76775176
聚丰公寓,钟楼,南大街,13368,普通学区,0.9,25%,119.941264,31.7765164
金色新城朗园,钟楼,荷花池,17104,普通学区,1.83,30%,119.9416435,31.79145362
金色新城熙园,钟楼,荷花池,15687,普通学区,1.83,35%,119.9414602,31.79158478
嘉城尚郡,钟楼,荷花池,19901,普通学区,2.2,30%,119.9453433,31.79436935
君泰尚德花园,钟楼,永红,12716,普通学区,,,119.9097715,31.76158309
金谷公寓,钟楼,南大街,23053,一类优质学区,1.62,30%,119.9564231,31.78968367
金禧园,钟楼,荷花池,10890,一类优质学区,2,30%,119.9441113,31.79681456
荆川小区,钟楼,永红,12279,普通学区,2.1,30%,119.9212819,31.76639398
聚新家园,钟楼,邹区,6350,普通学区,1.5,52%,119.8398474,31.74190035
金苑公寓,钟楼,邹区,8365,普通学区,2.1,56%,120.0803392,31.64792672
经纬巷小区,钟楼,永红,11101,普通学区,1.3,30%,119.9281952,31.77498454
景秀茗苑,钟楼,五星,10088,普通学区,2.3,35%,119.914502,31.7987581
健身路小区,钟楼,南大街,15387,一类优质学区,1.38,24%,119.9504441,31.78941511
金色新城杰座,钟楼,荷花池,11084,普通学区,1.83,30%,119.9456082,31.78871522
荆川东园,钟楼,永红,11135,二类优质学区,0.9,30%,119.916692,31.76576854
金家村,钟楼,永红,10281,二类优质学区,1.2,30%,119.9248482,31.7722866
嘉宏七棠,钟楼,永红,24086,普通学区,1.8,30%,119.9270239,31.77079794
嘉仁大厦,钟楼,永红,7767,普通学区,1.7,25.50%,119.9413485,31.77418281
嘉豪名苑,钟楼,五星,13626,普通学区,1.2,32%,119.9282287,31.75641824
瞿家村,钟楼,永红,6767,二类优质学区,1.2,27%,120.0432504,31.62588483
景瑞铂庭,钟楼,北港,15376,普通学区,2.3,30%,119.8889519,31.80545091
金洲花城,钟楼,邹区,13544,普通学区,1.8,30%,119.8485044,31.79062913
金地假日广场,钟楼,五星,16147,普通学区,3.4,12%,119.9195543,31.79128458
金源华庭,钟楼,邹区,11694,普通学区,0,0%,119.8384529,31.79295379
锦绣茗苑,钟楼,五星,6696,普通学区,0,0%,118.3490461,34.36506441
金润家园,钟楼,南大街,0,普通学区,3.94,0%,119.9434781,31.8034197
蒋家村,钟楼,永红,9193,一类优质学区,2.3,35%,119.8867788,31.80772712
康宁苑,钟楼,永红,11876,普通学区,1.3,30%,119.9287513,31.77125423
客车厂宿舍,钟楼,五星,10384,普通学区,1.38,13%,119.9200235,31.80047943
乐颐大厦,钟楼,南大街,12910,普通学区,4.66,15%,119.9481903,31.77514329
澜天大厦,钟楼,荷花池,18467,普通学区,2.14,30%,119.9321369,31.7803507
朗诗国际,钟楼,永红,21702,普通学区,2.5,37%,119.9227716,31.77609736
乐颐大厦公寓,钟楼,南大街,11504,普通学区,4.66,15%,119.9483584,31.77512567
芦墅苑,钟楼,五星,12329,普通学区,1.2,25%,119.936607,31.79378404
蓝色星空花园,钟楼,五星,13370,普通学区,1.6,30%,119.9363452,31.76840654
莱蒙时代,钟楼,南大街,26216,一类优质学区,5.9,40%,119.9463311,31.78188974
芦墅广景苑,钟楼,荷花池,11451,普通学区,1.62,20%,119.932242,31.79987737
绿园?爱舍南区,钟楼,永红,10624,二类优质学区,0.9,30%,119.9066159,31.75472013
烈帝小区,钟楼,邹区,16300,二类优质学区,1.2,26%,119.9324279,31.74315601
兰洋大厦,钟楼,南大街,11000,一类优质学区,0,15%,119.9505235,31.78566039
丽丰园,钟楼,五星,9910,普通学区,0,31%,119.9181646,31.77926502
兰亭苑,钟楼,五星,14896,普通学区,0,25%,119.9406543,31.77292139
留芳路小区,钟楼,永红,9432,普通学区,0.8,25.50%,119.9416335,31.78505485
陆家巷小区,钟楼,五星,8976,普通学区,0.8,25.50%,119.3722012,31.72286074
芦墅星苑,钟楼,荷花池,16905,一类优质学区,2.3,35%,119.9393837,31.8001929
路劲铂隽,钟楼,清潭生活圈,19812,普通学区,2.5,30%,119.9038574,31.76980766
路劲雅居乐城市万象,钟楼,永红,15687,普通学区,,,119.8936728,31.76589793
路劲雅居乐国仕九礼,钟楼,清潭生活圈,19610,普通学区,,,119.9041763,31.76849346
名城嘉苑,钟楼,邹区,11130,普通学区,1.5,32%,119.8515947,31.79064876
名城嘉苑公寓,钟楼,邹区,6910,普通学区,1.5,32%,119.8515947,31.79064876
觅渡雅居,钟楼,南大街,28715,一类优质学区,0.3,30%,119.9487368,31.78332418
马公桥村,钟楼,五星,11556,普通学区,0,21%,119.9264957,31.78189234
米市河公寓,钟楼,永红,9807,普通学区,1.26,25%,119.9396272,31.7845504
木梳路小区,钟楼,永红,10504,普通学区,1,30%,119.9309361,31.77097069
美吉特美寓,钟楼,西林,7496,普通学区,1.5,20%,119.8663344,31.77857946
玫瑰苑,钟楼,五星,12450,普通学区,2.2,30%,119.9247973,31.78511012
民元里,钟楼,荷花池,26076,普通学区,0,0%,119.9463774,31.7810976
民丰窑,钟楼,南大街,0,,暂无,暂无,119.9481372,31.77227694
南陈村,钟楼,五星,8143,普通学区,1.1,32%,119.9440567,31.70830987
欧家村,钟楼,永红,10437,普通学区,0.23,30%,119.9303266,31.76678524
鹏欣丽都,钟楼,南大街,24954,一类优质学区,2.8,20%,119.9460885,31.77801112
璞丽湾,钟楼,五星,20349,普通学区,,,119.9358275,31.78755141
普济公寓,钟楼,永红,12292,普通学区,1.3,30%,119.9352138,31.78230747
潘家村,钟楼,北港,10106,普通学区,1.3,25%,120.0477106,31.54008563
普济街小区,钟楼,永红,12763,普通学区,2.2,26%,119.938796,31.7842519
清谭惠苑,钟楼,永红,12896,普通学区,2.14,30%,119.9169737,31.76942217
清潭鑫苑,钟楼,西林,12823,普通学区,1.6,30%,119.9150362,31.7663843
清潭玉兰苑,钟楼,永红,10487,普通学区,1.2,30%,119.9302026,31.76075799
青云坊小区,钟楼,南大街,21161,一类优质学区,0,0%,119.9509168,31.78002745
清潭西村,钟楼,永红,10196,二类优质学区,2.14,30%,119.9206654,31.76367001
勤业四村,钟楼,五星,11718,普通学区,2.3,20%,119.9262486,31.78723114
清潭嘉苑,钟楼,永红,14362,二类优质学区,1.26,20%,119.9228177,31.76714528
清潭五村,钟楼,永红,11485,普通学区,0.9,30%,119.9312246,31.76505366
清潭续建房,钟楼,永红,10814,普通学区,0,0%,119.8888179,31.7714112
清潭许家巷小区,钟楼,永红,10592,普通学区,0.3,30%,119.9295656,31.77253982
清潭五村续建小区,钟楼,永红,11210,普通学区,0.8,30%,119.9315895,31.76317336
勤业二村,钟楼,五星,15703,普通学区,1.8,30%,119.9291414,31.78566897
清潭路小区,钟楼,永红,17481,普通学区,1.26,25%,119.9285306,31.77040803
清潭三村,钟楼,永红,11849,普通学区,0.8,50%,119.9263388,31.76688624
清潭四村,钟楼,永红,16438,普通学区,0.8,22%,119.9302961,31.76648562
勤业教工大楼,钟楼,五星,11618,普通学区,0,18%,119.9171824,31.7925071
清潭低坝头,钟楼,永红,22803,普通学区,2.3,28.80%,119.9307077,31.7703863
清潭院街,钟楼,永红,16107,普通学区,2.2,20%,119.9309361,31.77097069
勤业公寓,钟楼,五星,7583,二类优质学区,0,25%,119.931478,31.78657322
勤业三村,钟楼,五星,10998,普通学区,0.23,30%,119.9296592,31.78543848
清泉新村,钟楼,邹区,14480,普通学区,1.2,30%,119.4371318,31.32348288
清潭二村,钟楼,永红,11695,普通学区,0,0%,119.9285306,31.77040803
勤业杨家村,钟楼,五星,9479,普通学区,0,0%,119.9271439,31.79004669
清潭刘家村,钟楼,永红,11602,普通学区,1.8,28%,119.9024048,31.7504445
荣奇创业中心,钟楼,北港,7258,普通学区,1.65,20%,119.8766382,31.80853276
日杂宿舍,钟楼,五星,12481,普通学区,0,0%,119.9231415,31.78220883
瑞富花苑,钟楼,北港,7978,普通学区,1.9,28%,119.9034403,31.80224416
娑罗家园,钟楼,五星,31015,一类优质学区,1.2,23%,119.9558605,31.78561674
爱特大厦,钟楼,荷花池,12884,普通学区,4.4,35%,119.9578658,31.80712288
书香院,钟楼,荷花池,15509,普通学区,0.9,30%,119.9535787,31.79701987
世纪明珠园,钟楼,永红,17809,一类优质学区,2.23,28%,119.9447305,31.77105859
双桂坊,钟楼,南大街,25233,一类优质学区,2.3,11.40%,119.9494653,31.77853926
沈家花苑,钟楼,永红,10344,普通学区,1.3,50%,119.9063154,31.74929586
沈家弄小区,钟楼,永红,8627,普通学区,1.2,30%,119.9088693,31.75208443
三堡街西楼,钟楼,五星,9735,二类优质学区,0.9,10%,119.9298735,31.79291387
娑园家园,钟楼,南大街,19839,普通学区,1.62,31%,119.9558075,31.78487772
三堡浜小区,钟楼,永红,22807,普通学区,1.2,30%,119.9573152,31.75734609
沈家村,钟楼,五星,7162,二类优质学区,1.2,30%,119.8062814,31.70121954
水岸馨苑,钟楼,邹区,12452,普通学区,1.3,30%,119.8467325,31.7943189
松涛苑,钟楼,北港,7627,普通学区,0,0%,119.8749345,31.78501496
盛家村小区,钟楼,永红,15744,普通学区,1.5,25%,119.9124004,31.7760988
泰盈八千里,钟楼,五星,13365,一类优质学区,,,119.8884445,31.77363465
天皇堂公寓,钟楼,荷花池,20403,一类优质学区,1.5,30%,119.9525783,31.78772838
唐家新村,钟楼,新闸,10014,普通学区,1.32,28%,119.9016181,31.81639466
泰富时代广场,钟楼,邹区,12015,普通学区,,,119.8450385,31.78865665
谭墅王家村,钟楼,五星,9801,普通学区,0,0%,119.8993899,31.77423739
唐家村,钟楼,五星,11283,普通学区,0,0%,119.9166757,31.77882026
文亨花园,钟楼,五星,14505,普通学区,1.2,30%,119.9430867,31.78006189
万博花苑,钟楼,永红,13539,普通学区,1.2,30%,119.9345162,31.77135162
万福花园,钟楼,荷花池,11787,普通学区,1.5,30%,119.9541429,31.79855644
万福桥小区,钟楼,荷花池,8805,普通学区,1.2,35%,119.954032,31.79488339
武警宿舍,钟楼,五星,15517,普通学区,0,0%,119.9508089,31.79165794
文盛花园,钟楼,新闸,9171,普通学区,1.32,25%,119.902257,31.81545467
圩墩村,钟楼,五星,8270,普通学区,2.34,31%,120.0954658,31.69809759
万泰国际广场檀香湾,钟楼,西林,15200,普通学区,,,119.8904613,31.77652025
五星星悦花都,钟楼,勤业生活圈,15900,普通学区,2.1,30%,119.9132175,31.79223168
星河名居,钟楼,五星,17158,普通学区,2.4,35%,119.9439126,31.77652299
新奥佳园,钟楼,永红,13287,普通学区,1.8,35%,119.9400668,31.77308567
西新桥公寓,钟楼,荷花池,16362,一类优质学区,1.56,20%,119.9499134,31.79297263
项家花苑,钟楼,五星,30870,一类优质学区,1.8,25%,119.9530766,31.78603947
新四合院,钟楼,永红,20293,普通学区,1.53,35%,119.9249015,31.77074378
星港花苑,钟楼,北港,5736,普通学区,0,30%,119.8865187,31.80870458
新都汇广场,钟楼,南大街,20572,普通学区,1.2,30%,119.9503898,31.77923277
县学街小区,钟楼,南大街,26945,一类优质学区,1.38,30%,119.9589,31.78124067
许家巷小区,钟楼,永红,11245,普通学区,0,0%,119.9292079,31.77275004
雪洞巷,钟楼,南大街,22584,一类优质学区,0,15%,119.953495,31.77534304
夏溪镇工业区,钟楼,邹区,5290,普通学区,1,37%,119.7480897,31.7106467
新华苑,钟楼,永红,9596,二类优质学区,0.9,25.40%,119.9196711,31.7715099
西林花苑,钟楼,西林,12403,一类优质学区,1.2,25%,119.8805055,31.75899306
新阳光国际,钟楼,西林,7625,普通学区,0,10%,119.8593784,31.77522739
新张家村,钟楼,永红,26210,普通学区,1.1,30%,119.9332969,31.77392156
新昌花苑,钟楼,新闸,8611,普通学区,1,32%,119.9062464,31.81345348
新庆花园,钟楼,新闸,3639,普通学区,1.3,30%,119.9005331,31.81469449
西林家园,钟楼,西林,8596,一类优质学区,1.2,21%,119.8805055,31.75899306
香江华廷苹果街区,钟楼,永红,11412,普通学区,0.9,30%,119.9270526,31.77890336
西环路小区,钟楼,永红,9691,普通学区,0,0%,119.9238059,31.77540755
硝皮尖,钟楼,荷花池,15667,一类优质学区,1.2,35%,119.9530342,31.79101237
西滩1号,钟楼,五星,14919,普通学区,1.82,35%,119.5643062,31.74573864
西横街小区,钟楼,南大街,17113,一类优质学区,2,30%,119.9467096,31.78697371
西直街小区,钟楼,永红,13008,一类优质学区,0,0%,119.9394645,31.7878243
新裕花园,钟楼,新闸,8783,普通学区,1.2,28%,119.9035314,31.81756487
新闸花苑,钟楼,新闸,6971,普通学区,1.1,30%,119.903488,31.82679234
西巢村,钟楼,五星,14883,普通学区,0,0%,119.9238431,31.76340661
新康花苑,钟楼,北港,3926,普通学区,0.8,30%,119.900797,31.81704721
新府花苑,钟楼,新闸,6949,普通学区,1.2,32%,119.8917177,31.81889662
新东花苑,钟楼,新闸,17587,普通学区,1.7,28%,119.9070983,31.81206162
星盛铂晶公寓,钟楼,五星,11435,普通学区,2,38%,119.9060634,31.78314786
小茅山,钟楼,五星,11365,普通学区,0.8,30%,120.0327943,31.5003737
新城瑞壹,钟楼,荷花池,13255,普通学区,1.88,30%,119.9508573,31.79668825
项头村,钟楼,五星,10435,普通学区,0,0%,119.9283288,31.79247011
新中上村小区,钟楼,荷花池,14475,普通学区,0.8,25%,119.9477798,31.80168867
新城瀚景服务公寓,钟楼,荷花池,12555,普通学区,0,0%,119.9508726,31.79669754
云祥新居,钟楼,荷花池,10622,普通学区,1.65,20%,119.9193347,31.77945813
颐和家园,钟楼,永红,9805,二类优质学区,1.2,30%,119.9172544,31.76644065
邮电公寓,钟楼,南大街,12881,普通学区,1.6,15%,119.9404546,31.77818761
玉带花园,钟楼,荷花池,20551,一类优质学区,1.65,21.50%,119.9485553,31.79066023
怡和花园,钟楼,五星,13750,普通学区,2,30%,119.9038019,31.77989381
阳光驿站,钟楼,五星,11562,普通学区,1.75,23%,119.9283152,31.78001526
壹地美商城,钟楼,北港,9123,普通学区,1.7,10%,119.869356,31.78592735
玉带公寓,钟楼,荷花池,18179,一类优质学区,1.62,42%,119.9485553,31.79066023
银河湾花园,钟楼,荷花池,14302,普通学区,1.6,20%,119.9276076,31.77992733
运河花园,钟楼,北港,7309,普通学区,1,25%,119.8921222,31.80897699
韵动家园,钟楼,永红,12515,普通学区,0.9,25%,119.9378398,31.77105478
运河人家,钟楼,北港,25885,普通学区,0,23%,119.8926171,31.80863342
越友苑,钟楼,永红,8188,二类优质学区,1.3,25%,119.9199447,31.77165072
邮电路小区,钟楼,莱蒙都会,20891,一类优质学区,3,18%,119.9473677,31.78549843
玉隆观巷,钟楼,荷花池,14970,一类优质学区,0.8,25%,119.9461914,31.78526937
冶金新村,钟楼,五星,8848,普通学区,1.62,38%,119.8989012,31.84504065
延陵西路小区,钟楼,南大街,24228,普通学区,2.6,30%,119.9521702,31.78074118
银苑大厦,钟楼,荷花池,12346,普通学区,0.8,30%,119.9486913,31.79231754
云祥桥小区,钟楼,五星,10434,普通学区,1.32,25.50%,119.9176533,31.78338552
姚家弄小区,钟楼,荷花池,10538,普通学区,0.8,20%,119.93632,31.79101181
恽家村,钟楼,永红,10638,普通学区,1.8,30%,119.9673899,31.64760413
雨润城,钟楼,北港,14682,一类优质学区,,,119.8895375,31.79179344
运河天地,钟楼,南大街,22197,普通学区,,,119.941585,31.77437932
永红乡立新村,钟楼,永红,21238,普通学区,0.8,25%,119.9334793,31.76571474
紫荆苑,钟楼,永红,10889,二类优质学区,1.65,25%,119.9135762,31.76154742
早科坊大厦,钟楼,南大街,21224,,2.59,20%,119.9442998,31.78165379
置信商务广场,钟楼,南大街,19846,一类优质学区,5.56,15.30%,119.949591,31.78572053
紫荆东苑,钟楼,永红,11680,二类优质学区,1.3,30%,119.9158404,31.76302759
紫阳花园,钟楼,永红,12858,普通学区,0.8,30%,119.9330001,31.77062886
中南大厦,钟楼,荷花池,7443,一类优质学区,0.9,30%,119.9504798,31.79211324
邹新花园,钟楼,邹区,8861,普通学区,1.5,41%,119.841031,31.77938384
朱家村,钟楼,五星,13041,普通学区,0,16%,119.9265021,31.78387987
中天凤凰电器汽配城,钟楼,荷花池,9082,普通学区,0.9,25%,119.8816144,31.77570201
邹区镇卜,钟楼,邹区,6971,普通学区,1.85,25.50%,119.8063548,31.78974095
张墅村小区,钟楼,五星,12225,普通学区,1.2,10%,119.9170655,31.79547303
周家村小区,钟楼,永红,9467,普通学区,0,0%,119.9380375,31.77508657
滨江明珠城,新北,新桥,12637,普通学区,2,50%,119.9679262,31.87069503
九洲花园,新北,龙虎塘,14306,普通学区,1.96,30%,119.9876015,31.84833188
凤凰名城,新北,龙虎塘,14321,普通学区,2.48,40%,119.9644915,31.85385964
玲珑花园,新北,龙虎塘,11215,普通学区,2.2,45%,119.9938162,31.84536217
世茂香槟湖,新北,恐龙园,18483,普通学区,1.48,65%,119.9936132,31.81755467
新景花苑,新北,新桥,10933,普通学区,0.8,33%,119.9639896,31.86585807
绿洲白马公馆,新北,三井华山,14375,二类优质学区,2.5,30%,119.9279937,31.82545238
天山花园,新北,三井飞龙,13050,二类优质学区,1.94,35%,119.9221668,31.81534832
腾龙苑,新北,龙虎塘,10787,普通学区,1.5,30%,119.9661243,31.85757427
金地格林郡,新北,三井飞龙,16520,二类优质学区,2.3,40%,119.9305046,31.815625
奥林匹克花园,新北,薛家,10407,普通学区,1.08,40%,119.9240769,31.85553741
绿洲天逸城,新北,薛家,13271,普通学区,1.92,56%,119.9251046,31.84667363
牡丹祥龙湾,新北,龙虎塘,11666,普通学区,1.8,35%,119.989199,31.84255028
锦海星城二期,新北,新桥,13207,普通学区,2.57,35%,119.963226,31.8774076
雅居乐星河湾,新北,三井华山,16899,二类优质学区,2.4,37.60%,119.9511132,31.81521977
锦海星城澳洲阳光,新北,新桥,13132,普通学区,1.6,35%,119.964381,31.87696884
太湖明珠苑,新北,三井华山,16529,二类优质学区,1.98,41%,119.9579149,31.82056028
百草苑,新北,奥体中心,13231,普通学区,1.4,32%,119.9833241,31.80793535
百馨苑,新北,春江,7402,普通学区,0.8,35%,119.9623924,31.93410907
府西花园,新北,奥体中心,19013,普通学区,3.49,30%,119.9653156,31.81680055
九龙仓时代上院,新北,恐龙园,18971,普通学区,1.86,35%,119.9960916,31.82117393
银河湾第1城,新北,三井飞龙,14422,二类优质学区,2,60%,119.9324511,31.8107733
天禄西瑶苑,新北,新桥,14141,普通学区,2.12,35%,119.9633249,31.87657163
怡枫苑,新北,薛家,13239,普通学区,1.7,35%,119.9274527,31.85370862
怀德名园,新北,恐龙园,16805,普通学区,1.62,40%,119.9837755,31.82686889
康桥水郡,新北,环球港,15901,普通学区,2.98,33%,119.9902764,31.81902341
馨河郦舍,新北,恐龙园,16340,普通学区,1.8,40%,119.9907211,31.82943489
顺园八村,新北,薛家,10108,普通学区,0.8,30%,119.9156633,31.86321005
九龙仓国宾1号,新北,恐龙园,21754,普通学区,1.5,35%,119.9903594,31.82028162
天禄西阆苑,新北,新桥,13541,普通学区,1.94,35%,119.9628345,31.87552306
富都花苑,新北,环球港,11740,普通学区,1.6,20%,119.9700594,31.83837127
华山苑,新北,三井华山,13188,二类优质学区,2.3,35%,119.9442481,31.82081525
南博湾花园,新北,三井华山,15913,二类优质学区,2.2,36%,119.9548991,31.82456861
水木年华,新北,奥体中心,15427,普通学区,1.5,40%,119.9835792,31.81239081
天润园,新北,恐龙园,18523,普通学区,2.5,40%,119.9859297,31.82114943
燕兴新村,新北,环球港,11527,普通学区,1.2,25%,119.9815151,31.83512384
东渡伊顿小镇,新北,薛家,14710,普通学区,1.06,30%,119.9259916,31.86183906
中央花园,新北,奥体中心,21726,二类优质学区,2.28,40%,119.9724741,31.80217397
锦绣天地,新北,河海丰臣,17933,普通学区,3.36,35%,119.9651936,31.83408137
福地聚龙苑,新北,三井华山,18039,二类优质学区,4.8,30%,119.9635554,31.81754397
飞龙新苑,新北,三井飞龙,13789,二类优质学区,1.2,30%,119.9437911,31.81057984
金美林花园,新北,龙虎塘,9258,普通学区,1.8,30%,119.9984399,31.84228015
蓝色港湾,新北,河海丰臣,14316,普通学区,1.7,30%,119.9773065,31.8311998
兰翔新村,新北,河海丰臣,12807,普通学区,1.85,25.50%,119.976354,31.82303197
兰翔二村,新北,河海丰臣,12717,普通学区,1.85,25.50%,119.976712,31.82553367
侨光苑,新北,河海丰臣,11429,普通学区,3,30%,119.970709,31.83188074
前桥新村,新北,三井华山,11415,普通学区,1.38,30%,119.9389974,31.82102769
顺园一村,新北,薛家,9985,普通学区,1.2,25.50%,119.9202197,31.85194457
天安花园,新北,河海丰臣,15477,普通学区,1.6,55%,119.9797829,31.82619317
新城玉龙湾,新北,三井飞龙,14161,二类优质学区,1.9,40%,119.9409848,31.80807391
新城悠活城,新北,三井飞龙,13269,普通学区,3,50%,119.9209044,31.82940717
吟枫苑,新北,河海丰臣,17859,普通学区,2.2,45%,119.9750068,31.8279274
春江中央花苑,新北,春江,10602,普通学区,12.5,23%,119.9615545,31.9303198
橄榄城,新北,薛家,10626,普通学区,1.45,38.30%,119.9209974,31.86338211
河海新邦,新北,薛家,12991,普通学区,2.3,40%,119.9276814,31.85412406
聚怡花园幸福小城,新北,薛家,13010,普通学区,2.5,35%,119.9187496,31.8569193
九龙仓繁华里,新北,恐龙园,20564,普通学区,2.2,50%,119.9890627,31.82228202
佳兆业悦湖,新北,薛家,11676,普通学区,2.11,30%,119.9088032,31.85205709
盘龙苑,新北,龙虎塘,9736,普通学区,2.2,30%,119.9812179,31.85211927
顺园二村,新北,薛家,9663,普通学区,1.2,25.50%,119.9246506,31.85013485
新城蓝钻苑,新北,三井飞龙,14756,普通学区,4,20%,119.9564896,31.80661968
新立名园,新北,新桥,13924,普通学区,2,35%,119.95625,31.86021212
香树湾名苑,新北,龙虎塘,9749,,1.3,25%,119.9893958,31.8392993
馨都苑,新北,新桥,13119,普通学区,2.95,10.05%,119.9596018,31.86158235
中海??城公馆,新北,三井华山,22868,普通学区,2.54,30%,119.9548684,31.81398152
春江人家,新北,春江,10298,普通学区,1.8,30%,119.9604287,31.93150677
府琛花园,新北,奥体中心,17609,二类优质学区,2,30%,119.9692921,31.81844927
魏村花苑,新北,春江,5429,普通学区,0.8,30%,119.9309027,31.97049349
新民家园,新北,春江,6972,普通学区,0.9,25.50%,119.9873126,31.92652979
友谊家苑,新北,春江,7846,普通学区,0.8,35%,119.9652063,31.92091751
中海锦??湾,新北,恐龙园,14955,普通学区,,,119.9970386,31.83337124
安家苑,新北,春江,7001,普通学区,2.14,25%,119.9086505,31.912096
常发豪庭国际,新北,奥体中心,23113,普通学区,3.3,35%,119.9775823,31.81505585
道成广场住宅,新北,龙虎塘,13489,普通学区,2,30%,119.9870836,31.84918078
凤凰湖壹号,新北,薛家,12002,普通学区,2.11,30%,119.9088032,31.85205709
金百国际,新北,三井华山,14536,普通学区,2.4,50%,119.9550752,31.80609534
金梅花园,新北,三井飞龙,12483,普通学区,2.2,25%,119.9496965,31.8099838
金百商业广场,新北,三井飞龙,11823,普通学区,0,0%,119.9561866,31.80387162
金地天际,新北,三井飞龙,19628,普通学区,2.3,35%,119.9309543,31.81510752
九龙仓年华里,新北,薛家,13596,普通学区,1.4,30%,119.912435,31.8542389
金科保利?北郡,新北,龙虎塘,11543,普通学区,2.2,30%,119.9428664,31.86616535
龙栖花园,新北,龙虎塘,8469,普通学区,3.2,51%,119.9902773,31.84915836
龙湖原山,新北,恐龙园,19941,普通学区,0.8,65%,120.0058741,31.81612874
牡丹领秀汇,新北,三井华山,18934,普通学区,2.5,31%,119.9540022,31.81637759
美林湖花园,新北,恐龙园,11608,普通学区,0,0%,119.9910865,31.83555409
清水湾花园,新北,新桥,15069,普通学区,2,40.60%,119.9608973,31.86433016
顺园六村,新北,薛家,10463,普通学区,0.8,30%,119.9196285,31.862415
盛德华府,新北,罗溪,7353,普通学区,0,0%,119.9838116,32.05106729
泰山一村,新北,三井华山,10762,二类优质学区,1.35,35%,119.9534624,31.82273869
新城府翰苑,新北,奥体中心,18815,二类优质学区,2.4,35%,119.9756159,31.8180142
香缇湾花园,新北,奥体中心,15428,普通学区,2.66,35%,119.9594336,31.800464
新魏花园,新北,春江,7150,普通学区,0.8,30%,119.9144372,31.90293119
香树湾和园,新北,恐龙园,15920,普通学区,2.6,35.60%,119.9982327,31.83063095
新龙花苑,新北,新桥,10626,普通学区,0.8,30%,119.9668028,31.86335321
香槟广场,新北,薛家,12370,普通学区,2.18,30%,119.9223257,31.85248979
新名园,新北,恐龙园,16947,普通学区,2.9,30%,119.9851791,31.82791302
怡景名园,新北,薛家,11215,普通学区,1.7,35%,119.9225122,31.84756885
雅居乐荣华里,新北,薛家,13282,普通学区,2.2,30%,119.9139698,31.85508106
雅居乐常乐府,新北,三井华山,21481,普通学区,1.2,30%,119.9521272,31.81856365
藻江花园,新北,奥体中心,12570,普通学区,2.3,35%,119.9774226,31.80645158
奥韵家园,新北,奥体中心,15108,普通学区,2.18,26%,119.9688054,31.80020408
ATM公寓,新北,恐龙园,8101,普通学区,,,119.9837287,31.83524995
爱家尚城,丹阳,丹阳,9797,普通学区,,,119.5766688,31.99983928
保纳达人汇,新北,恐龙园,8732,普通学区,1.73,40%,119.9828052,31.83451509
北城后街住宅,新北,三井华山,6176,普通学区,1.9,0%,119.9830877,31.81572585
百馨西苑,新北,春江,7474,普通学区,1.8,30%,119.9559781,31.92289298
百合花苑,新北,春江,7573,普通学区,0.9,25%,119.9710309,31.91766774
奔牛南苑小区,新北,奔牛,7315,普通学区,3,28%,119.8144408,31.85745307
宝丰市场,新北,恐龙园,14392,普通学区,0.9,30%,119.9836371,31.83360289
滨江名都城,新北,河海丰臣,7710,普通学区,0.9,28%,119.9666549,31.83243796
奔牛火车站新村,新北,奔牛,8106,普通学区,,,119.8077736,31.86433678
奔牛教工二村,新北,奔牛,7574,普通学区,0.8,30%,119.8093218,31.86161281
百盛苑,新北,春江,8793,普通学区,2.9,30%,119.9694616,31.91898037
滨江豪园,新北,春江,7726,普通学区,,,119.988989,31.92720171
碧桂园华星世纪学府,新北,龙虎塘,15302,普通学区,,,120.0049421,31.84057629
长兴好日子,新北,环球港,18125,普通学区,2.54,30%,119.980217,31.83159411
藏龙苑,新北,龙虎塘,10731,普通学区,0.8,30%,119.9830702,31.84845658
巢丰苑,新北,三井华山,13690,二类优质学区,1.3,51%,119.9608685,31.81961873
长江公寓,新北,恐龙园,8697,普通学区,2,25%,119.9857587,31.82841524
春江公寓楼,新北,春江,4852,普通学区,1.81,19%,119.9873283,31.94483873
长江花苑,新北,春江,6471,普通学区,0.8,30%,119.9257463,31.9635781
长宏名郡,新北,春江,8094,普通学区,2.2,27%,119.9888978,31.93478793
创业公寓,新北,三井华山,12206,普通学区,1.2,30%,119.945255,31.82253792
长宏苑,新北,春江,8562,普通学区,2.2,27%,119.9880759,31.94388678
春晓苑,新北,春江,10635,普通学区,1.6,35%,119.967076,31.91808711
常柴邹村,新北,三井飞龙,12018,一类优质学区,1.5,30%,119.9413249,31.81130969
常恒花苑,新北,春江,5256,普通学区,0,0%,119.9467404,31.98383855
常州新城樾府,新北,奥体中心,24162,普通学区,2.92,30%,119.9835235,31.81482522
大诚苑二期,新北,奥体中心,14217,普通学区,1.92,35.50%,119.9786851,31.81216601
道生中心,新北,河海丰臣,15964,普通学区,3,55%,119.9693792,31.82689162
典雅花园,新北,奥体中心,20588,二类优质学区,,,119.961692,31.81356493
都市雅居,新北,河海丰臣,14565,普通学区,2,40%,119.9788803,31.83232235
大诚苑,新北,奥体中心,14765,普通学区,1.92,35.50%,119.9786774,31.81215852
大名城,新北,三井飞龙,16384,二类优质学区,,,119.9428423,31.81272516
尔家公寓,新北,恐龙园,13989,普通学区,3.08,10%,119.9993375,31.81285786
富都商务公寓,新北,河海丰臣,7657,普通学区,1.3,10%,119.9727508,31.83137904
凤凰苑,新北,河海丰臣,13219,普通学区,3.48,25.50%,119.9756253,31.83043933
府琛商务广场,新北,河海丰臣,13814,普通学区,3,30%,119.9660253,31.81914656
丰臣国际广场,新北,河海丰臣,18575,普通学区,5.3,28%,119.9666119,31.82290868
翡翠锦园,新北,三井华山,18954,二类优质学区,3.8,30%,119.9586245,31.81339753
富都北村,新北,环球港,11605,普通学区,1.2,30%,119.9724452,31.83769996
富民小区,新北,孟河,7552,普通学区,0.8,28%,119.8338997,32.01725266
富都南村,新北,环球港,11143,普通学区,1.5,30%,119.9697834,31.83414743
广润大厦,新北,环球港,9835,普通学区,,,119.9741729,31.83586821
国展丰采公寓,新北,环球港,13836,普通学区,1.3,30%,119.953124,31.84101644
公园人家,新北,河海丰臣,11827,普通学区,,,119.9762533,31.8259275
工农新村,新北,奔牛,5973,普通学区,0.8,30%,119.8130661,31.85991235
国展青年公寓,新北,罗溪,8365,普通学区,1.3,30%,119.9883144,31.88315272
汇金天地,新北,三井华山,7093,普通学区,1.7,40%,119.9583823,31.81951523
汇丰一村,新北,三井华山,13046,普通学区,1.7,20%,119.9630701,31.82232462
汇丰二村,新北,三井华山,8208,普通学区,1,20%,119.9597347,31.82187385
汇丰三村,新北,三井华山,8657,普通学区,1.7,20%,119.9568273,31.82291445
惠山苑,新北,河海丰臣,11113,普通学区,1.85,25%,119.973142,31.82613861
华亭苑,新北,环球港,15460,普通学区,2.4,64%,119.9719248,31.8340266
河海二村,新北,河海丰臣,11165,普通学区,1.2,30%,119.97328,31.82521642
汇丰新村,新北,奥体中心,14532,二类优质学区,1.8,20%,119.9689995,31.82132413
河海新村,新北,河海丰臣,13458,二类优质学区,1.2,30%,119.9708495,31.82287222
海岸城,夏港街道,夏港,7529,,,,120.1868233,31.90378768
合峰汇,新北,龙虎塘,14827,普通学区,2.5,15%,119.9912658,31.84631174
华宇尚郡,新北,奔牛,7693,普通学区,1,30%,119.8156771,31.85351677
汇鸿商务广场,新北,河海丰臣,12354,普通学区,3.5,35%,119.9738674,31.82938419
宏基国际,南闸街道,,0,,,,120.2435912,31.86089212
和枫苑,新北,龙虎塘,14212,普通学区,2.5,15%,119.9914565,31.84678554
河海路小区,新北,河海丰臣,14815,普通学区,1.2,30%,119.9658229,31.82499712
河畔雅居,丹徒,丹徒乡镇,5160,普通学区,0,0%,119.5633464,32.12139459
弘阳云?o,新北,新桥,17016,,,,119.9530324,31.87097648
金城大厦,新北,环球港,14668,普通学区,1.4,10%,119.9698905,31.83304059
嘉顺花园,新北,河海丰臣,16035,二类优质学区,1.8,40%,119.9622431,31.82368501
嘉新花苑,新北,环球港,7600,普通学区,1.68,23%,119.9677794,31.83427392
聚博花园,新北,奥体中心,17133,普通学区,1.4,30%,119.9701593,31.80008204
金桂公寓,新北,河海丰臣,14808,二类优质学区,1.6,0%,119.9777477,31.81843452
金田雅居,新北,河海丰臣,13535,普通学区,1.8,30%,119.9752429,31.83440514
景秀天城,新北,三井飞龙,15504,二类优质学区,2.2,38%,119.9434944,31.80957583
江南春晓花园,新北,河海丰臣,12712,二类优质学区,1.8,30%,119.9577828,31.82419081
金城花苑,新北,河海丰臣,14383,普通学区,1.26,30%,119.9648679,31.82240823
江南春晓花园,新北,河海丰臣,12712,二类优质学区,1.8,30%,119.9577828,31.82419081
金城花苑,新北,河海丰臣,14383,普通学区,1.26,30%,119.9648679,31.82240823
金惠雅居,新北,河海丰臣,14383,普通学区,1.9,33%,119.9727299,31.82443016
九洲花园缇香郡,新北,龙虎塘,14402,普通学区,,,119.9829991,31.84442773
江南五金机电城,新北,恐龙园,9273,普通学区,0.8,25.50%,119.9823629,31.83757406
界牌新村,丹阳,丹阳,8969,普通学区,1.5,30%,119.845731,32.08607041
嘉新花园,新北,环球港,11793,普通学区,2.2,28%,119.9675423,31.83505545
江阴万达广场,澄江街道,城西,13795,,,,120.2390153,31.90105879
金田精英汇,新北,河海丰臣,10033,普通学区,3.16,38.60%,119.9752429,31.83440514
嘉禾尚郡,新北,三井华山,14634,二类优质学区,,,119.9327002,31.82293651
九龙仓凤凰湖墅,新北,薛家,21006,普通学区,1.28,30%,119.9115452,31.85273342
九龙仓擎天半岛,新北,恐龙园,20240,普通学区,2.14,30%,119.9897863,31.82302724
金色阳光馨苑,澄江街道,城东,7294,,暂无,暂无,120.1817316,31.9029716
金科保利?北郡,新北,龙虎塘,11543,普通学区,2.2,30%,119.9428664,31.86616535
景仁苑,新北,孟河,7062,普通学区,0,0%,119.8270731,32.00893741
江东府,新北,罗溪,6886,普通学区,0,0%,119.9976413,32.02543791
康郡,新北,环球港,11574,普通学区,2.06,32%,119.9688123,31.83671488
空港二村,新北,罗溪,6477,普通学区,1.83,30%,119.8169937,31.89870959
空港三村,新北,薛家,6965,普通学区,1.8,30%,119.8126084,31.90036387
龙城花园,新北,龙虎塘,7671,普通学区,1.85,30%,119.994273,31.85569281
绿洲家园,新北,奥体中心,13767,普通学区,1.6,30%,119.9815011,31.8065986
绿色家园,新北,恐龙园,12953,普通学区,1.5,30%,119.9852167,31.8307244
罗溪空港一村,新北,罗溪,7485,普通学区,0.8,30%,119.8133487,31.90314407
临江花苑,新北,春江,5655,普通学区,1.2,30%,119.9340683,31.96590784
丽晶国际商务大厦,新北,河海丰臣,22927,普通学区,1.2,35%,119.973187,31.82900668
丽江茗园,新北,西夏墅,9183,普通学区,0.8,33%,119.8191187,31.95752923
朗诗新北绿郡,新北,河海丰臣,23001,普通学区,,,119.962219,31.8262282
龙城福第,新北,龙虎塘,9453,普通学区,2.2,30%,119.992562,31.84863711
龙湾华府,丹徒,丹徒其他,5533,普通学区,,,119.5703465,32.11686958
龙庭花苑,城东街道,滨江开发区,8264,,,,120.3539405,31.92051328
龙虎商城,新北,龙虎塘,7939,普通学区,0,0%,119.9799103,31.84989819
龙湖?春江天玺,新北,飞龙生活圈,18428,普通学区,1.8,30%,119.9285934,31.81626951
美墅花园,新北,三井飞龙,17298,普通学区,1.83,20%,119.9174637,31.82463141
孟河首府,新北,孟河,9972,普通学区,1.31,34.70%,119.8348536,32.00829188
米兰阳光,新北,龙虎塘,7237,普通学区,1.96,45.50%,120.0019578,31.84046824
牡丹珑庭,新北,新桥,8968,普通学区,,,119.9629059,31.8604369
牡丹水岸国际,新北,龙虎塘,15052,普通学区,,,119.9706097,31.85181913
铭泰云鼎,夏港街道,夏港,8675,,,,120.183304,31.90161094
美林国际村,新北,恐龙园,28265,普通学区,0.4,40%,119.9850227,31.82009432
孟河嘉宏MOOCstar星光城,新北,孟河,11880,,,,119.8412869,32.00282286
南馨苑小区,新北,罗溪,5074,普通学区,0,27%,119.8797656,31.88796677
品尊名邸,利港镇,利港,7439,,,,120.0764477,31.92126636
亲庭星海银园,新北,奥体中心,16460,二类优质学区,1.9,42.50%,119.9731918,31.81915069
齐梁金府,新北,孟河,9600,普通学区,1.6,45%,119.8378129,32.0136965
前桥综合市场财富立方,新北,三井华山,12202,普通学区,0.8,30%,119.9432322,31.82152557
前桥小区,新北,三井华山,11127,二类优质学区,1.2,30%,119.9413161,31.82192387
前桥雅境,新北,三井华山,11816,普通学区,1.7,25%,119.9421256,31.82108938
润园新村,新北,恐龙园,15125,普通学区,1.83,30%,119.989121,31.82926305
润园花园,新北,三井飞龙,13982,普通学区,0.8,30%,119.9538557,31.80239682
融创?江南御园,城东街道,滨江开发区,10153,,,,120.3477526,31.93696113
盛世金铺,新北,三井华山,14598,普通学区,1.2,10%,119.9604663,31.8154692
SOHO现代城,新北,恐龙园,7945,普通学区,2.6,9.50%,119.9815098,31.8237411
世纪广场,新北,河海丰臣,14443,普通学区,1.7,25%,119.969296,31.82476078
世府邻里中心,新北,奥体中心,13657,普通学区,1.99,30%,119.9836461,31.80659777
水清木华园,新北,奥体中心,17518,普通学区,3,30%,119.9594044,31.80620883
顺园四村,新北,薛家,5916,普通学区,1.2,25.50%,119.9185852,31.8509808
顺园新村,新北,薛家,10484,普通学区,0.8,30%,119.9162266,31.86449138
三井西小村,新北,河海丰臣,12743,二类优质学区,1.7,28%,119.9600769,31.81451792
三井兴业园,新北,三井华山,8999,普通学区,0.9,30%,119.9612394,31.81500105
益茂首府,夏港街道,夏港,7666,,,,120.1783134,31.90472302
山水和园,新北,奥体中心,22402,二类优质学区,4.34,23.20%,119.9651034,31.81437908
树人公寓,新北,奔牛,7854,普通学区,0,0%,119.8105295,31.86188812
尚枫澜湾,新北,三井华山,16043,普通学区,,,119.9436388,31.81861664
顺园九村,新北,薛家,8869,普通学区,2.04,34.20%,119.9074484,31.86562443
盛德华府,新北,罗溪,7353,普通学区,0,0%,119.9838116,32.05106729
桃花源,新北,龙虎塘,10486,普通学区,1.25,30%,119.992079,31.85420037
太阳花园,新北,奥体中心,17530,普通学区,3.04,37%,119.9690148,31.82130092
泰山二村,新北,三井华山,10890,二类优质学区,0.8,30%,119.9536635,31.81919884
泰山一村,新北,三井华山,10762,二类优质学区,1.35,35%,119.9534624,31.82273869
天安商住楼,新北,河海丰臣,17359,普通学区,0,0%,119.9701132,31.82774601
太湖花园,新北,奥体中心,15117,二类优质学区,2.04,37.56%,119.9787425,31.81633045
泰山三村,新北,三井华山,11637,二类优质学区,0.8,30%,119.953901,31.81866626
通江花苑,新北,春江,7988,普通学区,1.2,28%,119.8564321,32.0063734
同仁苑,新北,罗溪,5824,普通学区,1.38,38%,119.852655,31.89223471
同心苑,新北,罗溪,7586,普通学区,0.8,30%,119.8565274,31.88824465
同德苑,新北,罗溪,7769,普通学区,0,0%,119.8515329,31.88917153
天誉花园,新北,奥体中心,15930,普通学区,2,30%,119.9797838,31.81343666
天宇假日公寓,新北,薛家,10185,普通学区,2.18,30%,119.9263018,31.85105816
腾龙南苑,新北,龙虎塘,11422,普通学区,1.5,30%,119.9636945,31.85220893
太湖清华园,宜兴市,宜兴,9730,普通学区,1.77,38%,119.8744681,31.3955535
旺角花园,新北,奥体中心,16993,二类优质学区,1.6,30%,119.9682421,31.82160727
五兴苑,新北,奔牛,6885,普通学区,2.4,37%,119.8216089,31.84720634
圩塘新村,新北,春江,6649,普通学区,0.8,30%,119.9908601,31.9393609
魏村水晶大楼,新北,春江,7174,普通学区,1.36,28.10%,119.9262687,31.97179464
五洲国际广场,新北,龙虎塘,9624,普通学区,3.07,15%,119.9879252,31.85296347
温莎美墅,凯里市,凯里市区,7557,,,,107.9966358,26.56115111
圩塘五村住宅,新北,春江,6372,普通学区,0,0%,119.9870973,31.93638531
兴业苑,新北,三井华山,13397,二类优质学区,1.7,20%,119.9612394,31.81500105
星海花苑,新北,河海丰臣,16724,普通学区,2.6,45%,119.969703,31.81211804
新惠大厦,新北,河海丰臣,14828,普通学区,1.85,10%,119.9693806,31.82375375
新荷花园,新北,河海丰臣,12577,普通学区,1.65,21.50%,119.9716522,31.82346218
香树湾福园,新北,恐龙园,16481,普通学区,1.6,35%,119.9916426,31.83033071
星海银园心庭,新北,三井华山,16083,二类优质学区,1.92,33%,119.9731994,31.81915053
香树湾云景,新北,恐龙园,10059,普通学区,2.6,35.60%,119.9973738,31.82873711
星海雅筑,新北,河海丰臣,16578,普通学区,2.5,20%,119.9595194,31.82395546
小湖新村,新北,龙虎塘,6953,普通学区,0.9,20%,119.99397,31.85738476
新长兴楼好日子,新北,恐龙园,20956,普通学区,2.54,30%,119.9805837,31.83049126
新盛花苑,新北,新桥,9743,普通学区,0.9,50%,119.9550793,31.85958926
香树湾和园,新北,恐龙园,15920,普通学区,2.6,35.60%,119.9982327,31.83063095
星北发展大厦,新北,河海丰臣,14674,普通学区,1,30%,119.9723002,31.82830354
新业花苑,新北,春江,6280,普通学区,0.8,28%,119.9896475,31.93170283
新园花苑,新北,春江,6435,普通学区,1.2,25.50%,119.9876667,31.93059429
西夏金苑,新北,西夏墅,7457,普通学区,0.8,30%,119.816262,31.95304793
新惠花苑,新北,奥体中心,15091,普通学区,1.2,30%,119.9654756,31.81758674
新龙商城,新北,龙虎塘,9180,普通学区,0.9,25.50%,119.9792211,31.84731277
香树湾馨苑,新北,恐龙园,17222,普通学区,,,119.9876496,31.83024066
香树湾花园,新北,恐龙园,18216,普通学区,0,0%,119.9998215,31.83054618
香山欣园,新北,西夏墅,6337,普通学区,0.8,30%,119.8174824,31.94318914
现代城二期,新北,恐龙园,9333,普通学区,2.88,9.50%,119.9834863,31.82490239
香山花园,新北,西夏墅,4436,普通学区,0,0%,119.819404,31.94499466
香山福园,新北,西夏墅,6519,普通学区,0,0%,119.8301646,31.95397357
燕阳花园,新北,环球港,11553,普通学区,1.5,35%,119.9768863,31.83610846
优House,新北,薛家,10069,普通学区,2.18,25%,119.9234058,31.85310765
粤海工业园,新北,罗溪,6664,普通学区,1.9,27%,119.999247,31.91515462
阳光福地,新北,河海丰臣,18535,普通学区,4.2,30%,119.9629967,31.81774661
映像江南,新北,孟河,10191,普通学区,1.44,36%,119.8370213,32.01177419
迎宾花园,新北,奔牛,10581,普通学区,1.4,37%,119.818858,31.84729328
阳光花园,新北,河海丰臣,27351,普通学区,0.8,30%,119.9802608,31.81842208
御龙豪庭,新北,孟河,8913,普通学区,1.5,32.20%,119.8530356,32.01629893
御花园,新北,恐龙园,24995,普通学区,2.3,28.50%,119.9828695,31.82210142
御庭园,新北,恐龙园,25459,普通学区,,,119.9811818,31.82305569
雅居乐?星乐街星公寓,新北,三井华山,9922,普通学区,2.4,37.60%,119.951143,31.816089
雅居乐?凤凰台,新北,薛家,12279,普通学区,,,119.9137794,31.8544559
悦澜湾,新北,罗溪,7318,普通学区,0,0%,119.9951616,32.05603602
雅筑公寓,新北,河海丰臣,10303,普通学区,0,0%,119.9597644,31.82357276
珠江花园,新北,河海丰臣,10950,普通学区,2.3,20%,119.9802342,31.82456246
中创时代广场,新北,河海丰臣,6519,普通学区,1.6,20%,119.9710919,31.82884153
紫阳美地山庄,新北,龙虎塘,10552,普通学区,0.5,45%,119.9859878,31.85229397
中亿大厦,新北,河海丰臣,14668,普通学区,0.9,20%,119.9713907,31.82689534
中节能翎航城,申港街道,申港,6979,,,,120.1236112,31.89503896
中企铂境(江阴),申港街道,申港,8130,,暂无,暂无,120.1416753,31.8995922
御城,武进,武进区政府,15654,普通学区,1.8,52%,119.9572054,31.70244616
路劲城,武进,湖塘乐购,17636,普通学区,2.5,30%,119.9714845,31.71736025
新城香溢澜桥,武进,新天地,17515,普通学区,2.4,48%,119.9657168,31.71556912
新城南都,武进,新天地,14071,一类优质学区,1.78,30.10%,119.9417282,31.709169
莱蒙城,武进,新天地,15797,二类优质学区,2,50%,119.9334022,31.69524952
天隽峰,武进,新天地,16071,一类优质学区,3.15,41.20%,119.9481206,31.7068182
东锦家园,宜兴市,宜兴,5383,普通学区,0,0%,119.896734,31.48200023
恒大翡翠华庭,武进,新天地,14849,普通学区,3.5,30%,119.9626579,31.70652442
新城春天里,武进,湖塘吾悦,16551,普通学区,2.5,45%,119.9654547,31.72902288
凯尔锋度,武进,大学城,15191,二类优质学区,2.8,35%,119.9411306,31.69040513
万科城,武进,大学城,15501,普通学区,2.5,30%,119.9316107,31.68899626
紫金城,武进,湖塘吾悦,16773,普通学区,2.9,30%,119.936169,31.72246122
上置香岛御墅,新区,鸿山镇,12998,普通学区,1.6,45%,120.4794897,31.54095315
新城公馆,武进,新天地,18966,一类优质学区,2.7,46%,119.9526856,31.70272048
绿地香颂花园,武进,湖塘吾悦,15528,二类优质学区,2.59,35%,119.926485,31.73718766
中奥珑郡,武进,武进区政府,14928,二类优质学区,3,33.80%,119.9385134,31.69090043
阳湖名城,武进,新天地,13780,普通学区,1.63,35%,119.9593826,31.70949777
湾里新村,武进,湖塘乐购,10198,一类优质学区,2.2,45%,119.9443084,31.71927567
万达中央华城,武进,湖塘吾悦,16958,普通学区,0.7,48%,119.9437952,31.73070146
聚湖雅苑,武进,湖塘吾悦,12721,普通学区,2.6,40.40%,119.9265748,31.74381689
名仕佳园,武进,大学城,12988,普通学区,2.1,35.80%,119.9475061,31.67627559
龙湖悠山郡,惠山区,阳山,9692,普通学区,1.2,35%,120.1391833,31.59342904
四季新城南苑,武进,湖塘吾悦,11682,二类优质学区,1.6,25%,119.9565254,31.73689736
聚盛花园明日星城,武进,大学城,13822,普通学区,1.66,30%,119.95789,31.67456181
新城帝景,武进,新天地,29189,一类优质学区,2.5,57%,119.9458049,31.71032547
城中花苑,武进,湖塘乐购,11134,普通学区,2.14,30%,119.9488313,31.72146012
南甸苑,武进,新天地,15061,普通学区,2,38%,119.9509928,31.71516789
弘建一品,武进,武进区政府,16559,二类优质学区,2,60%,119.9445598,31.69666461
南湖家苑,武进,大学城,11189,普通学区,1.2,28%,119.9479341,31.64898007
景城名轩,武进,武进区政府,16032,普通学区,2,46.50%,119.9415463,31.70559988
四季新城金典,武进,湖塘吾悦,12472,普通学区,2.7,50%,119.9528346,31.74006768
花东三村,武进,湖塘吾悦,10310,一类优质学区,1.65,23%,119.9513878,31.72847972
中天名园,武进,湖塘吾悦,14378,二类优质学区,1.78,41%,119.9617061,31.72945008
阳湖世纪苑,武进,湖塘乐购,11344,二类优质学区,1.2,21.50%,119.9558512,31.7249319
绿地外滩1号,武进,湖塘吾悦,14163,普通学区,2.7,35%,119.940534,31.74576899
金坛碧桂园,金坛,金城,11191,普通学区,2.49,30.40%,119.5851333,31.72683865
九洲里小区,金坛,金城,6562,普通学区,0,0%,119.5422998,31.71969556
凯尔尚郡,金坛,东城,9370,普通学区,2.2,30%,119.5854664,31.76084246
名仕家园,金坛,开发区,9992,普通学区,2.1,35.80%,119.5932514,31.74268728
碧水华庭,金坛,开发区,9838,普通学区,1.5,50%,119.5981392,31.73903615
半岛珑庭,金坛,开发区,8312,普通学区,1,40%,119.6362353,31.75557606
城开半岛花园,金坛,金城,10257,普通学区,1.49,40.56%,119.5688222,31.72814602
翠园新村,金坛,金城,6904,普通学区,0,0%,119.5817904,31.73892844
翠堤湾,金坛,开发区,9171,普通学区,1.8,40%,119.6017972,31.747922
华城嘉园,金坛,开发区,8621,普通学区,2.86,30%,119.5872361,31.74199971
虹桥新村,金坛,金城,7013,普通学区,1.5,25.10%,119.5763925,31.74016401
华城二村,金坛,开发区,6917,普通学区,1.2,32%,119.588101,31.74134501
华达名都,金坛,开发区,9335,普通学区,0,30%,119.5977963,31.73256621
金水湾,金坛,开发区,9043,普通学区,1.5,42%,119.5946144,31.74967057
金江苑一区,金坛,开发区,6985,普通学区,1.38,30%,119.6194383,31.74088891
金海湾,金坛,金城,10961,普通学区,2,35%,119.5774197,31.73475727
金海花苑,金坛,金城,6783,普通学区,0,0%,119.6228835,31.74393493
书香苑,金坛,开发区,9456,普通学区,1.8,30%,119.5978432,31.74237293
吾悦华府,金坛,金城,12620,普通学区,0,0%,119.5846626,31.73248851
颐和世家,金坛,金城,10416,普通学区,2,30%,119.5633497,31.74192473
华城一村,金坛,开发区,7082,普通学区,2.2,26%,119.5859456,31.74603159
虹亚亲亲家园,金坛,金城,10317,普通学区,1.5,30%,119.5655609,31.75048973
恒联国际社区,金坛,金城,9917,普通学区,1.9,35%,119.6083122,31.73696884
华城商业广场,金坛,东城,10909,普通学区,0,0%,119.585286,31.7447919
华城天赐园,金坛,开发区,9535,普通学区,0,0%,119.5938687,31.7472324
金谷华城,金坛,金城,7315,普通学区,1.5,37%,119.5831201,31.75439981
景潭花园,金坛,开发区,9614,普通学区,2.11,30.50%,119.5846567,31.73466753
金江苑二区,金坛,开发区,7031,普通学区,0.8,28%,119.6220183,31.74279155
金水华都,金坛,金城,10446,普通学区,2.9,35%,119.5619535,31.74053328
金城尚品,金坛,金城,11681,普通学区,1.8,30%,119.5826229,31.7371791
景阳花园,金坛,金城,7095,普通学区,1.3,30%,119.5545421,31.74135244
金湖花园,金坛,开发区,7135,普通学区,0,0%,119.6124079,31.74036497
金河花园,金坛,开发区,8601,普通学区,0,0%,119.5949035,31.73873055
金江东苑,金坛,开发区,6450,普通学区,0,0%,119.6296441,31.74317495
金坛丽景花园,金坛,金城,6340,普通学区,0,0%,119.5631255,31.756404
美丽华大厦,金坛,开发区,8519,普通学区,0.8,25.50%,119.6017317,31.74333995
美地蓝庭,金坛,金城,7147,普通学区,1.61,37.10%,119.5515079,31.75469714
南洲花园,金坛,金城,8590,普通学区,1.8,30%,119.5518044,31.72668573
清华园,金坛,金城,6411,普通学区,1.2,32%,119.556595,31.75544891
圣东福地花苑,金坛,金城,8427,普通学区,1.7,39.20%,119.5912918,31.75441065
香格里拉山庄,金坛,开发区,6219,普通学区,2.3,32%,119.6431318,31.75691536
徐塘新村,金坛,金城,8516,普通学区,1.3,30%,119.5893388,31.73785727
新城东苑,金坛,金城,9332,普通学区,1.97,36%,119.6017354,31.72973724
幸福新村,金坛,金城,7315,普通学区,0,0%,119.5660707,31.74907327
愚池湾公寓,金坛,金城,15119,普通学区,2.85,45%,119.5582535,31.73551824
朱庄花园,金坛,金城,7998,普通学区,0,0%,119.5630619,31.72488676
左邻右里,金坛,开发区,11321,普通学区,1.38,38.70%,119.5937207,31.73608376
岸头佳园,金坛,开发区,5473,普通学区,0,0%,119.619049,31.69434427
北园新村,金坛,金城,8055,普通学区,1.7,28%,119.5774486,31.75003708
八角井小区,金坛,金城,9605,普通学区,0.98,23%,119.5642834,31.74583951
滨河广场,金坛,金城,11088,普通学区,1.62,30%,119.5705628,31.73833397
半岛珑庭二期,金坛,开发区,10218,普通学区,,,119.6362353,31.75557606
北戴新村,金坛,金城,6341,普通学区,0,0%,119.5752574,31.73550461
白凉亭新村,金坛,金城,5389,普通学区,0,30%,119.5653678,31.747723
北门大街小区,金坛,金城,9621,普通学区,0,0%,119.5749793,31.74912808
北环西路小区,金坛,金城,8012,普通学区,0,0%,119.5673628,31.7527541
晨风精品装饰城,金坛,开发区,7122,普通学区,1.5,30%,119.5907413,31.75621559
翠提湾花园,金坛,开发区,9696,普通学区,1.5,25.10%,119.6012285,31.74646342
城北小区,金坛,金城,6090,普通学区,0.8,28%,119.5659693,31.75609188
仓房小区,金坛,金城,6559,普通学区,1.7,30%,119.5742892,31.74641782
城市花园,金坛,金城,9063,一类优质学区,1.2,30%,119.5783283,31.74197543
春草塘,金坛,金城,8075,普通学区,1.16,30%,119.5678488,31.74997236
春风一村,金坛,金城,6727,普通学区,1.8,42%,119.5748008,31.75532521
春风二村,金坛,金城,7019,普通学区,1.23,38%,119.5756884,31.7571688
春风三村,金坛,开发区,7386,普通学区,1.8,30%,119.5733896,31.75856253
城南花园,金坛,金城,10352,普通学区,0,0%,119.5522242,31.72832128
东城宜景苑,金坛,开发区,8462,普通学区,2,39%,119.5963741,31.74561541
德元港台工业园,金坛,金城,8234,普通学区,0.8,25.50%,119.5728878,31.74251459
东门大街小区,金坛,金城,6911,普通学区,0.8,30%,119.5812147,31.74526662
东园新村,金坛,金城,6392,普通学区,0,0%,119.5817289,31.74702294
东园小区,金坛,金城,6375,普通学区,0.89,20%,119.5809248,31.74608865
丹丽花园,金坛,金城,5549,普通学区,0,0%,119.5679378,31.75663011
东方二村,金坛,开发区,6352,普通学区,0,0%,119.6000718,31.75785304
东方一村,金坛,开发区,6519,普通学区,0,0%,119.6020212,31.76117088
东方三村,金坛,金城,6643,普通学区,1.7,28%,119.603245,31.75566612
东环二路小区,金坛,开发区,5212,普通学区,0,0%,119.584534,31.74290769
东环一路小区,金坛,金城,6725,普通学区,0,0%,119.5775847,31.74827569
娥媚苑,金坛,金城,6875,普通学区,2,30%,119.5997206,31.74103218
凤凰城,金坛,金城,8132,普通学区,1.3,30%,119.5725509,31.76137048
公园新村,金坛,金城,12648,普通学区,0,0%,119.5733089,31.74354991
古石林小区,金坛,开发区,8630,普通学区,0,0%,119.5904082,31.75131263
华胜新村,金坛,开发区,6792,普通学区,1.7,28%,119.6229806,31.74145128
河滨新村,金坛,金城,7377,普通学区,1.83,30%,119.5724477,31.73725265
华苑一村,金坛,开发区,6599,普通学区,0.8,25.10%,119.5861144,31.74647259
华苑二村,金坛,开发区,7183,普通学区,1.62,42%,119.5902079,31.7500407
胡姬花园,金坛,开发区,8357,普通学区,3,35%,119.5890408,31.75679102
华苑新村,金坛,开发区,7009,普通学区,0,0%,119.587301,31.74598503
华苑三村,金坛,开发区,7177,普通学区,0,0%,119.5874268,31.7496529
华中小区,金坛,金城,9191,普通学区,0,0%,119.5723368,31.74971007
华庭嘉园,金坛,开发区,8571,普通学区,0,0%,119.5997336,31.75659997
汇景玫瑰园,金坛,金城,9903,普通学区,1,40%,119.5999703,31.73737931
汇贤苑,金坛,金城,8426,普通学区,0,0%,119.6076062,31.73615043
好得家商贸城,金坛,金城,5116,普通学区,0,0%,119.5403875,31.74032465
虹桥小区,金坛,金城,6308,普通学区,0,0%,119.5778818,31.73867933
金巢公寓,金坛,开发区,7237,普通学区,2,30%,119.585594,31.73835299
金家园,金坛,金城,6682,普通学区,1.2,28%,119.6329466,31.76322985
江南路小区,金坛,金城,11014,普通学区,1.83,28.10%,119.5635403,31.75049801
焦园新村,金坛,开发区,8097,普通学区,1.3,30%,119.5879188,31.75194276
金城商业广场,金坛,金城,11972,普通学区,1.58,10.01%,119.5582412,31.74712852
金桂美庐,金坛,金城,9368,普通学区,1.7,30%,119.5520329,31.74513288
金溪新村,金坛,直溪,8725,普通学区,1.62,30%,119.5635403,31.75049801
金江苑三区,金坛,开发区,7583,普通学区,1.38,30%,119.6249071,31.74149761
金源福地,金坛,金城,8220,普通学区,0,0%,119.5795818,31.74982886
金胜花园,金坛,东城,6902,普通学区,1.2,37%,119.6067376,31.7420765
金城花园,金坛,金城,6472,普通学区,0,0%,119.5612969,31.75747155
金沙花园,金坛,金城,7331,普通学区,0,0%,119.5740318,31.74898185
金彩花园,金坛,金城,5932,普通学区,0,0%,119.5765524,31.74790118
金坛御花园,金坛,东城,9979,普通学区,2,30%,119.5828519,31.74493389
金坛阳光花园,金坛,金城,7459,普通学区,1.7,28%,119.5626994,31.75766749
中梁金坛壹号院,金坛,开发区,11030,普通学区,,,119.5908858,31.7270528
刘家塘小区,金坛,金城,8059,普通学区,0,0%,119.5734628,31.74480199
丽锦家园,金坛,金城,5145,普通学区,0,0%,119.5613105,31.75503146
南州花园,金坛,金城,8726,普通学区,0,30%,119.5518044,31.72668573
南园二村,金坛,金城,8927,普通学区,1.62,42%,119.5669937,31.74075878
松鹤居,金坛,薛埠,4929,普通学区,0.7,45%,119.5276325,31.72951132
市场路小区,金坛,金城,6822,普通学区,0,0%,119.5772277,31.74230971
五星家园,金坛,金城,6461,普通学区,1.9,30%,119.5537948,31.75905079
文化一村,金坛,金城,6580,普通学区,2.2,26%,119.5601346,31.7431277
文昌苑复式楼,金坛,金城,5728,普通学区,2.5,25.10%,120.1293446,31.82675609
文化二村,金坛,金城,6576,普通学区,1.8,28%,119.5584511,31.7433997
文萃苑,金坛,金城,6570,普通学区,1.5,30%,119.5535621,31.74389499
文荟苑,金坛,金城,5929,普通学区,1.38,42%,119.5558014,31.74437819
文化新村,金坛,尧塘,11938,普通学区,1.38,30%,119.5578409,31.74257136
望华新村,金坛,金城,5910,普通学区,0,0%,119.5649091,31.74633866
文昌花园,金坛,金城,9377,普通学区,0,0%,119.5611296,31.74807041
新安花园,金坛,金城,9970,普通学区,2,30%,119.5748121,31.74171886
新城南苑,金坛,金城,9130,普通学区,2,30%,119.5686122,31.72000956
翔峰花苑,金坛,金城,12915,普通学区,0,0%,119.5781113,31.74716025
西环一路小区,金坛,金城,8441,普通学区,0,0%,119.5594469,31.74943122
御湖豪庭滨河星城,金坛,金城,11828,普通学区,1.2,30%,119.5727687,31.73747311
园田新村,金坛,金城,7300,普通学区,1.8,38%,119.5631285,31.74180183
怡沁园,金坛,金城,5918,普通学区,0,0%,119.5757651,31.74770879
冶厂小区,金坛,金城,10379,普通学区,1.5,30%,119.5740189,31.75190878
元巷小区,金坛,金城,4791,普通学区,1.89,0%,119.5446313,31.76592592
紫薇苑,金坛,金城,8542,普通学区,1.2,30%,119.5807525,31.73306502
朱寺巷小区,金坛,金城,7720,普通学区,0,0%,119.5771674,31.74331917
燕山公馆,溧阳,溧城,14312,普通学区,1.8,35%,119.4826464,31.39853092
安顺嘉苑,溧阳,溧城,12971,普通学区,1.3,28%,119.4962934,31.41226837
北水西花园,溧阳,溧城,12263,普通学区,0.23,30%,119.4600652,31.41428348
北固小区,溧阳,溧城,10584,普通学区,0,0%,119.4915179,31.43390799
北门新村,溧阳,溧城,8657,普通学区,1,30%,119.4899534,31.43610053
博爱新村,溧阳,溧城,11927,普通学区,0.8,25%,119.4808744,31.43347095
博阳新村,溧阳,溧城,12191,普通学区,0.8,25%,119.4792486,31.43554492
北水西村,溧阳,溧城,12655,普通学区,0.8,25%,119.4595587,31.41637455
滨河花园,溧阳,天目湖,9292,普通学区,0.8,25%,119.4550977,31.36986987
白塔中心村,溧阳,埭头,5883,普通学区,0.8,25%,119.5144645,31.48914679
北大街小区,溧阳,溧城,7500,一类优质学区,1.5,25%,119.4895635,31.43359567
碧桂园柏悦世家,溧阳,溧城,13130,普通学区,,,119.4970318,31.4096088
滨湖小区,溧阳,天目湖,9795,普通学区,0,0%,119.4503324,31.36983486
滨湖花园,溧阳,天目湖,8967,普通学区,0,0%,119.4582762,31.37048145
碧桂园?燕山汇,溧阳,溧城,0,,,,119.458929,31.37244304
铂悦时代,溧阳,溧城,9276,普通学区,0,0%,119.4740012,31.42892512
彩铃小区,溧阳,戴埠,6467,普通学区,1.3,30%,119.9884515,31.74726662
沧屿新村,溧阳,溧城,10512,普通学区,0.8,25%,119.4893713,31.44067505
城河梢花园,溧阳,溧城,11757,普通学区,0.8,25%,119.4797312,31.42993854
陈家巷小区,溧阳,溧城,9994,普通学区,0.8,25%,119.4860711,31.43188023
翠屏新村,溧阳,天目湖,8093,普通学区,0.8,25%,119.4553282,31.38001864
城市华庭,溧阳,戴埠,8426,普通学区,2.1,28%,119.489708,31.31822747
城南路小区,溧阳,溧城,13763,普通学区,0,0%,119.4895369,31.41760601
城西佳苑,溧阳,溧城,5444,普通学区,0,0%,119.4200471,31.42779429
东都花园,溧阳,溧城,11929,普通学区,1.26,30%,119.491335,31.43214722
东尼中央花园,溧阳,天目湖,10321,普通学区,0.91,20%,119.4581382,31.37939599
东盛苑,溧阳,溧城,12879,普通学区,1.38,30%,119.4892072,31.41338945
东华园,溧阳,溧城,14067,普通学区,1,30%,119.4939398,31.41023962
东兰小区,溧阳,溧城,12818,普通学区,0.8,25%,119.4929396,31.40962223
东升新村,溧阳,溧城,8180,普通学区,0.8,25%,119.4971665,31.43159835
大营巷,溧阳,溧城,10247,普通学区,0.8,25%,119.4915248,31.42630689
东庄村,溧阳,溧城,11403,普通学区,0.8,25%,119.4920821,31.45335088
东门新村,溧阳,溧城,8765,普通学区,1.2,42%,119.4891558,31.43342072
东升路小区,溧阳,溧城,8885,普通学区,0,0%,119.5071216,31.43314949
东尼上林苑,溧阳,天目湖,10369,普通学区,1.2,30%,119.4377931,31.32489861
福阳山庄,溧阳,溧城,12122,普通学区,0,0%,119.4782692,31.40141036
凤凰花园,溧阳,溧城,13979,普通学区,0.8,25%,119.4767087,31.43651792
富润水郡,溧阳,埭头,5582,普通学区,1.2,30%,119.5094762,31.49098783
福田幸福城,溧阳,溧城,8320,普通学区,2.45,30%,119.4461725,31.44339561
格林花园,溧阳,溧城,14419,普通学区,0.9,30%,119.4631548,31.41725496
桂名园小区,溧阳,溧城,12413,普通学区,0.8,35%,119.480969,31.42120311
古道巷小区,溧阳,溧城,10227,普通学区,0.8,25%,119.4895106,31.43264326
岗头新村,溧阳,天目湖,8847,普通学区,0.8,30%,119.4552452,31.37255354
甘露小区二区,溧阳,溧城,10489,普通学区,0.8,30%,119.4877205,31.41767758
光明?风景英伦,溧阳,上黄,5950,普通学区,0,0%,119.5626417,31.53265234
后街新村,溧阳,溧城,9375,普通学区,0.9,25%,119.4770393,31.42883799
荷花新村,溧阳,溧城,9196,普通学区,0.8,35%,119.4871399,31.43289307
华府天第,溧阳,溧城,16595,普通学区,1.7,30%,119.4551543,31.41717624
和平新村,溧阳,溧城,10050,普通学区,0.8,25%,119.4821681,31.43263699
华府晶园,溧阳,溧城,19201,普通学区,2.1,35%,119.4864731,31.40137
和平路小区,溧阳,溧城,9651,普通学区,0,0%,119.4841745,31.43500969
海棠花园,溧阳,溧城,8951,普通学区,0,0%,119.4948224,31.45186807
翰林苑,溧阳,溧城,12064,普通学区,1.5,25%,119.4928779,31.43573017
嘉丰新城,溧阳,溧城,13200,普通学区,1.11,30%,119.4573374,31.42819065
景西华庭,溧阳,溧城,7312,普通学区,1.3,30%,119.8156882,31.95027543
景鸿花园,溧阳,溧城,12602,普通学区,1.3,28.60%,119.4627327,31.41752602
江南小区,溧阳,溧城,10106,普通学区,1.38,38%,119.4740531,31.43101011
君悦豪庭,溧阳,溧城,14614,普通学区,1.8,30%,119.453074,31.4128667
景盛苑,溧阳,溧城,14222,普通学区,1.2,30%,119.4628669,31.42470953
金顶名都,溧阳,溧城,16597,普通学区,2.3,29.40%,119.4756313,31.42924276
嘉园,溧阳,溧城,10215,普通学区,0.8,25%,119.4894666,31.43042675
教师新村,溧阳,溧城,9692,普通学区,0.8,25%,119.5023455,31.4332075
嘉丰新城二区,溧阳,溧城,13704,普通学区,0.8,30%,119.4851819,31.40757466
金水苑,溧阳,溧城,13654,普通学区,0.8,25%,119.4646362,31.41563481
金厦花园,溧阳,溧城,11599,普通学区,0.8,25%,119.4772758,31.43106706
金谷广场,溧阳,溧城,12261,普通学区,0.8,30%,119.4767779,31.41592833
金桥家园,溧阳,溧城,6093,普通学区,0.8,25%,119.484465,31.41708954
金峰凤麟府,溧阳,溧城,0,普通学区,1.8,30%,119.4818869,31.40387497
嘉丰新城三区,溧阳,溧城,12257,普通学区,0,0%,119.4830653,31.40750859
金峰新城,溧阳,溧城,15496,普通学区,0,0%,119.4550137,31.42279873
江南庭苑,溧阳,埭头,8997,普通学区,0.8,25%,119.5152103,31.49295226
锦和园,溧阳,溧城,10196,普通学区,1.3,30%,119.4917153,31.44346371
建设路小区,溧阳,溧城,10796,普通学区,0,0%,119.4773749,31.42250734
江南春小区,溧阳,溧城,10400,普通学区,0,0%,119.4801741,31.42467947
嘉缘茗庭,溧阳,上兴,5487,普通学区,0,0%,119.2651975,31.52423783
金峰睿园,溧阳,溧城,0,普通学区,0,0%,119.4970241,31.40958983
金鼎湾,溧阳,溧城,0,普通学区,0,0%,119.4800979,31.43279646
昆仑顺达花园,溧阳,溧城,9550,普通学区,1.2,30%,119.4965963,31.42378294
昆仑花园,溧阳,溧城,9411,普通学区,1.2,30%,119.4833866,31.43767378
昆仑东苑,溧阳,溧城,8574,普通学区,1,30%,119.4940051,31.43915946
昆仑南苑竹墅园,溧阳,溧城,11659,普通学区,0.8,25%,119.4847687,31.43347909
坤泰花苑,溧阳,溧城,15196,普通学区,0.8,25%,119.4931492,31.43382952
昆仑南苑凤仪湾,溧阳,溧城,12321,普通学区,0.8,25%,119.4802779,31.43724707
昆仑南苑,溧阳,溧城,11872,普通学区,0.8,25%,119.4840507,31.43563692
昆仑龙盛园,溧阳,溧城,11987,普通学区,0.8,25%,119.4926653,31.42402753
昆仑西苑,溧阳,溧城,9491,普通学区,0,0%,119.4809923,31.43839334
昆仑路小区,溧阳,溧城,10007,普通学区,0,0%,119.4899512,31.45257947
龙泉山庄,溧阳,溧城,12459,普通学区,0.8,28%,119.4750685,31.40007659
罗庄小区,溧阳,溧城,14097,普通学区,1.33,28%,119.4912389,31.41311132
溧阳碧桂园,溧阳,天目湖,8742,普通学区,1.01,35.32%,119.4389195,31.33352312
濑江花园,溧阳,溧城,10229,普通学区,1.8,30%,119.4625561,31.44421397
溧阳奥体国际花园,溧阳,溧城,14937,普通学区,2.09,30%,119.4551477,31.41307285
龙亭苑,溧阳,溧城,13529,普通学区,1.7,30%,119.4780941,31.4131522
溧阳文化新村,溧阳,溧城,9977,普通学区,0.8,25%,119.4863958,31.41976304
溧阳朝阳新村,溧阳,溧城,10421,普通学区,0.8,25%,119.4796756,31.43178672
溧阳城中花园,溧阳,溧城,9829,普通学区,0.8,25%,119.4836731,31.42812198
溧阳工人新村,溧阳,溧城,9173,普通学区,0.8,25%,119.4874924,31.42600912
溧阳东方花园,溧阳,溧城,9668,普通学区,0.8,25%,119.4985923,31.42794824
溧阳金禧园,溧阳,溧城,11342,普通学区,0.8,30%,119.4904483,31.44810145
溧阳西园新村,溧阳,溧城,11565,普通学区,0,0%,119.4773277,31.43309094
溧阳湾里新村,溧阳,溧城,14292,普通学区,0,0%,119.4650733,31.41685024
粮食新村,溧阳,溧城,9148,普通学区,0,0%,119.4924078,31.42862013
濑江新村,溧阳,溧城,11440,普通学区,0.8,25%,119.4742972,31.44028536
吕家村,溧阳,溧城,9528,普通学区,0,0%,120.109625,31.83563178
溧阳锦绣花园,溧阳,溧城,13459,普通学区,1.04,40%,119.4841656,31.41441334
丽景苑,溧阳,溧城,12776,普通学区,2.2,30%,119.4723454,31.43185125
联盟村小区,溧阳,溧城,10006,普通学区,0,0%,119.4847515,31.43523896
濑阳小区,溧阳,溧城,4066,普通学区,0,0%,119.4219813,31.47992629
溧阳吾悦广场,溧阳,溧城,7500,普通学区,0,0%,119.4590304,31.40596789
名城景园,溧阳,上黄,6959,普通学区,1.2,35%,119.5628543,31.53646156
煤建路小区,溧阳,溧城,9031,普通学区,0,0%,119.4740454,31.43099686
美景天城,溧阳,天目湖,10957,普通学区,1.26,30%,119.4548418,31.37531822
眠杨花园,溧阳,溧城,10330,普通学区,2.1,32%,119.4608591,31.43194762
毛场村,溧阳,溧城,0,普通学区,0,0%,119.4778574,31.47519795
茗仕嘉苑,溧阳,溧城,14900,普通学区,2.1,35%,119.4661289,31.42414293
码头街小区,溧阳,溧城,12421,普通学区,0,0%,119.4741165,31.43677808
农房?英伦尊邸,溧阳,溧城,10540,普通学区,2.14,30%,119.4603759,31.4463845
南安新村,溧阳,溧城,11875,普通学区,3.2,36%,119.484382,31.42712525
南秀苑,溧阳,溧城,11624,普通学区,0.6,25%,119.486289,31.41764639
南大街广场,溧阳,溧城,1016,普通学区,0.6,30%,119.4871745,31.42887568
南阳新村,溧阳,溧城,8716,普通学区,0.6,30%,119.4864112,31.41970179
农房燕山一号,溧阳,溧城,15029,普通学区,0,0%,119.4745344,31.39453569
宁和苑,溧阳,溧城,11404,普通学区,0.7,25%,119.4914816,31.45365123
南环大厦,溧阳,溧城,13602,普通学区,1.5,34.70%,119.4917462,31.41560374
南山郡,溧阳,天目湖,6759,普通学区,0,0%,119.4508778,31.3135008
平陵东苑,溧阳,溧城,10417,普通学区,1.2,30%,119.4952517,31.42171411
彭家园,溧阳,溧城,10114,普通学区,0.6,25%,119.4849145,31.42534577
平陵二村,溧阳,溧城,10465,普通学区,0.6,25%,119.4834273,31.42760917
屏峰花园,溧阳,溧城,11085,普通学区,0.8,40%,119.4544812,31.38280723
平陵广场,溧阳,溧城,10503,普通学区,5.35,0%,119.4815802,31.42750248
平陵路小区,溧阳,溧城,10479,普通学区,0,0%,119.4835988,31.42474101
清溪花园,溧阳,溧城,11509,普通学区,1,30%,119.4740219,31.43150428
桥北村,溧阳,上黄,2262,普通学区,0.8,25.50%,119.5641673,31.54703782
前棠小区,溧阳,溧城,7253,普通学区,0.6,25%,119.4918646,31.44771282
钱家村,溧阳,溧城,9337,普通学区,1,35%,119.4840246,31.42080108
清安小区,溧阳,溧城,9951,普通学区,0,0%,119.4685121,31.43048791
清泉山庄,溧阳,天目湖,17595,普通学区,0.45,30%,119.4371318,31.32348479
人民路小区,溧阳,溧城,16651,普通学区,0,0%,119.4820428,31.43478744
盛世华城,溧阳,溧城,14138,普通学区,1.2,30%,119.4607301,31.42003789
水韵华庭,溧阳,溧城,8770,普通学区,2.2,40%,119.4696629,31.43210258
时代景城,溧阳,溧城,14178,普通学区,1.8,33%,119.4899614,31.40689467
世纪名城,溧阳,溧城,14982,普通学区,0.8,33%,119.4902386,31.40873455
山水名门,溧阳,溧城,12205,普通学区,1.9,0%,119.4780018,31.40774562
时代龙郡,溧阳,溧城,11534,普通学区,1.2,30%,119.4875556,31.42377178
圣鑫苑,溧阳,埭头,5475,普通学区,1.2,15%,119.515651,31.48848069
三和新村,溧阳,溧城,19268,普通学区,1.1,25%,119.4743709,31.41449677
曙光花园,溧阳,溧城,10141,普通学区,1.2,25%,119.4661147,31.43194252
申特花园,溧阳,溧城,6801,普通学区,1.2,30%,119.4949522,31.45285773
盛世家园,溧阳,溧城,15589,普通学区,1.3,30%,119.4625187,31.41514747
盛扬苑,溧阳,溧城,10229,普通学区,3.2,28%,119.4589673,31.43038346
上上公寓,溧阳,溧城,8638,普通学区,1.2,30%,119.4488789,31.45568604
上黄人家,溧阳,上黄,0,普通学区,0.7,30%,119.5670862,31.53767563
时代新城,溧阳,溧城,11063,普通学区,0.7,25%,119.4615366,31.42902058
时代新城二区,溧阳,溧城,8770,普通学区,0.6,30%,119.4726393,31.43006706
三家村小区,溧阳,溧城,33797,一类优质学区,0,35%,119.4793984,31.42256725
书院巷小区,溧阳,溧城,15074,普通学区,0,0%,119.4888337,31.43235993
四中西侧小区,溧阳,溧城,7061,普通学区,0,0%,119.4575386,31.45607812
盛兴家园,溧阳,上兴,7655,普通学区,0,0%,119.2553586,31.52418441
社渚镇滨河苑,溧阳,社渚,0,普通学区,0,0%,119.2735869,31.31365588
天目湖城市广场,溧阳,天目湖,10848,普通学区,1.27,23.60%,119.4482973,31.32525879
天淼山庄公寓,溧阳,社渚,10425,普通学区,0,0%,119.3463709,31.37631316
台港花园,溧阳,溧城,11259,普通学区,0.7,28%,119.4712652,31.41210949
体育路小区,溧阳,溧城,12025,普通学区,1.2,35%,119.4822239,31.42026668
天目花园,溧阳,溧城,11044,普通学区,1.2,35%,119.4708954,31.4166728
天目路小区,溧阳,溧城,13297,普通学区,0,0%,119.4754802,31.42599235
天悦湾,溧阳,天目湖,16538,普通学区,0,0%,119.4494345,31.32642271
望湖景苑,溧阳,溧城,13431,普通学区,2.15,30%,119.4947,31.40279602
文化新村三区,溧阳,溧城,10058,普通学区,0.8,25%,119.4872339,31.42135922
湾里公寓,溧阳,溧城,10448,普通学区,0,0%,119.4689211,31.41492226
卫生巷小区,溧阳,溧城,12214,普通学区,0,0%,119.4921055,31.43102275
香樟茗岸,溧阳,天目湖,11760,普通学区,1.5,35%,119.4462747,31.31726496
向阳新村,溧阳,溧城,10324,普通学区,0.8,30%,119.4850305,31.42467476
鑫盛景园,溧阳,溧城,10674,普通学区,0,0%,119.4873533,31.42677006
新城花园,溧阳,竹箦,11160,二类优质学区,0.8,25%,119.3281944,31.55392777
祥和福邸,溧阳,溧城,13937,普通学区,0,0%,119.4939857,31.41273506
小圩新村,溧阳,溧城,9170,普通学区,0.8,25%,119.4594966,31.44439269
夏桥村,溧阳,溧城,11313,普通学区,0,0%,119.490988,31.42385911
西林苑小区,溧阳,溧城,9553,普通学区,1,30%,119.4706266,31.41589974
小圩里安置小区,溧阳,溧城,0,普通学区,1,45%,119.4594966,31.44439459
夏林新村,溧阳,溧城,11801,普通学区,2,30%,119.4974239,31.40787456
西大街小区,溧阳,溧城,13778,普通学区,0,0%,119.4811793,31.42839707
夏桥巷小区,溧阳,溧城,13724,普通学区,0,0%,119.4930384,31.42901161
徐格笪小区,溧阳,溧城,6809,普通学区,0,0%,119.495485,31.44345977
西洋新村,溧阳,上兴,0,普通学区,0,0%,119.2704973,31.52503304
新城碧桂园明昱湾,溧阳,天目湖,9465,普通学区,1.8,35%,119.456781,31.44761522
香悦豪庭,溧阳,竹箦,0,普通学区,0,0%,119.2720312,31.52844392
阳光城市,溧阳,溧城,16079,普通学区,2,57%,119.472224,31.41946215
燕山美林,溧阳,溧城,12061,普通学区,1.1,30%,119.4633453,31.38091985
燕山东苑,溧阳,溧城,13115,普通学区,1.5,30%,119.4824709,31.4189015
阳光硅谷,溧阳,溧城,14097,普通学区,2.3,28%,119.4797861,31.4041073
阳光巴黎,溧阳,天目湖,11796,普通学区,1.2,30%,119.4590086,31.37596555
燕山新村,溧阳,溧城,10995,普通学区,1.1,30%,119.4750906,31.42213494
燕河湾,溧阳,溧城,13514,普通学区,1.8,30%,119.4779618,31.40220058
永盛家园,溧阳,溧城,14125,普通学区,1,30%,119.4598298,31.42539995
意达城市花园,溧阳,溧城,10161,普通学区,0.8,30%,119.4938489,31.44835417
燕山南村,溧阳,溧城,10187,普通学区,2,30%,119.4732624,31.41813761
燕阳嘉苑,溧阳,溧城,12890,普通学区,2.2,34.70%,119.4798349,31.39461089
杨家院,溧阳,溧城,9696,普通学区,0.8,25%,119.4821541,31.43124743
燕岭名苑,溧阳,溧城,9572,普通学区,0.7,40%,119.4554671,31.40099465
燕阳南村二区,溧阳,溧城,9421,,0.8,25%,119.4867021,31.42254574
燕园,溧阳,溧城,10777,普通学区,0.6,30%,119.4836567,31.4174492
眼香庙,溧阳,溧城,10971,普通学区,0,0%,119.4760818,31.43273105
燕山南苑,溧阳,溧城,13729,普通学区,0,0%,119.4834497,31.41492601
燕山大厦,溧阳,溧城,11486,普通学区,0,0%,119.4778673,31.42245829
御景苑,溧阳,溧城,10517,普通学区,0,0%,119.4951458,31.42948266
御园,溧阳,溧城,12600,普通学区,0,0%,119.4794946,31.41076698
御水景城,溧阳,溧城,10784,普通学区,1.6,0%,119.4926325,31.44201131
怡鑫苑,溧阳,溧城,10239,普通学区,0,30%,119.4666777,31.41720788
燕阳新村,溧阳,溧城,12030,普通学区,0.7,25%,119.483995,31.41841442
阳光城市北香园,溧阳,溧城,15695,普通学区,0.87,30%,119.4733729,31.42618398
阳光城市南和园,溧阳,溧城,17057,普通学区,0,0%,119.4711774,31.42178711
阳光东都,溧阳,溧城,10060,普通学区,1.1,30%,119.4918165,31.43528772
阳光城市?晶海园,溧阳,天目湖,15711,普通学区,2,35%,119.4705994,31.42424544
迎宾巷小区,溧阳,溧城,10838,普通学区,0,0%,119.4788094,31.42826128
燕山路小区,溧阳,溧城,10781,普通学区,0,0%,119.4779356,31.42384718
阳光之恋,溧阳,溧城,13668,普通学区,0,0%,119.4885239,31.42582168
燕南山,溧阳,天目湖,14135,普通学区,1.8,35%,119.4632253,31.37539132
姚家楼小区,溧阳,溧城,15074,普通学区,0,0%,119.4901013,31.43455987
御湖城,溧阳,天目湖,11653,普通学区,2.1,40%,119.4711043,31.37552786
阳光城市晶海公馆,溧阳,溧城,16128,普通学区,0,0%,119.4727424,31.42636151
中华茶博园,溧阳,天目湖,13076,普通学区,1.2,25.50%,119.4273492,31.32491083
紫金华府,溧阳,溧城,18995,普通学区,2.5,30%,119.4796477,31.41605608
庄家小区,溧阳,溧城,10164,普通学区,0.8,25%,119.4882588,31.41891055
中央华庭,溧阳,天目湖,11158,普通学区,2.1,28%,119.4536211,31.37948797
职高宿舍,溧阳,溧城,10099,普通学区,0,0%,119.480799,31.4223878
中梁香缇,溧阳,溧城,10940,普通学区,2.2,30%,119.4856232,31.44058224
